CODIGO;PROCEDIMENTO;PORTE;AUX;PORTE ANESTESICO;ESPECIALIDADE
1.01.01.01-2;CONSULTA EM CONSULTÓRIO (NO HORÁRIO NORMAL OU PREESTABELECIDO);02B;;;CLM / AMB
1.01.01.02-0;CONSULTA EM DOMICILIO;03A;;;CLM / AMB
1.01.01.03-9;CONSULTA EM PRONTO SOCORRO;02B;;;CLM / AMB
1.01.02.01-9;VISITA HOSPITALAR (PACIENTE INTERNADO);02A;;;CLM / AMB
1.01.02.02-7;VISITA OU CONSULTA HOSPITALAR DO MÉDICO ASSISTENTE;03B;;;
1.01.06.07-3;JUNTA MÉDICA (3 OU + PROF) - DESTINA-SE AO ESCLARECIMENTO DIAG OU DECISÃO CONDUTA EM CASO DE DIFÍCIL;03B;;;CLM / AMB
2.01.04.08-1;CURATIVOS EM GERAL COM ANESTESIA, EXCETO QUEIMADOS;01A;;;CLM / AMB
2.01.04.10-3;CURATIVOS EM GERAL SEM ANESTESIA, EXCETO QUEIMADOS;01A;;;CLM / AMB
2.02.01.02-8;ACOMPANHAMENTO PEROPERATÓRIO;02B;;;CLM / AMB
3.01.01.01-8;ABRASÃO CIRÚRGICA (POR SESSÃO);03C;;2;DERMATOLOGIA / PLÁSTICA
3.01.01.02-6;ALOPECIA PARCIAL - EXÉRESE E SUTURA;04C;1;3;DERMATOLOGIA / PLÁSTICA
3.01.01.03-4;ALOPECIA PARCIAL - ROTAÇÃO DE RETALHO;05B;1;3;DERMATOLOGIA / PLÁSTICA
3.01.01.04-2;ALOPECIA PARCIAL - ROTAÇÃO MÚLTIPLA DE RETALHOS;08C;2;3;DERMATOLOGIA / PLÁSTICA
3.01.01.05-0;APÊNDICE PRÉ-AURICULAR - RESSECÇÃO;04A;1;4;DERMATOLOGIA / PLÁSTICA
3.01.01.06-9;AUTONOMIZAÇÃO DE RETALHO - POR ESTÁGIO;05B;1;2;DERMATOLOGIA / PLÁSTICA
3.01.01.07-7;BIÓPSIA DE PELE, TUMORES SUPERFICIAIS, TECIDO CELULAR SUBCUTÂNEO, LINFONODO SUPERFICIAL, ETC;02B;1;1;DERMATOLOGIA / PLÁSTICA
3.01.01.08-5;BIÓPSIA DE UNHA;02B;;1;DERMATOLOGIA / PLÁSTICA
3.01.01.09-3;CALOSIDADE E/OU MAL PERFURANTE - DESBASTAMENTO (POR LESÃO);01B;;1;DERMATOLOGIA / PLÁSTICA
3.01.01.10-7;CAUTERIZAÇÃO QUÍMICA (POR GRUPO DE ATÉ 5 LESÕES);02A;;1;DERMATOLOGIA / PLÁSTICA
3.01.01.11-5;CIRURGIA DA HIDROSADENITE (POR REGIÃO);05B;1;3;DERMATOLOGIA / PLÁSTICA
3.01.01.14-0;CORREÇÃO CIRÚRGICA DE LINFEDEMA (POR ESTÁGIO);09C;2;4;DERMATOLOGIA / PLÁSTICA
3.01.01.15-8;CORREÇÃO CIRÚRGICA DE SEQUELAS DE ALOPECIA TRAUMÁTICA COM MICROENXERTOS PILOSOS (POR REGIÃO);06A;1;5;DERMATOLOGIA / PLÁSTICA
3.01.01.16-6;CORREÇÃO DE DEFORMIDADES NOS MEMBROS COM UTILIZAÇÃO DE IMPLANTES;09B;2;6;DERMATOLOGIA / PLÁSTICA
3.01.01.17-4;CORREÇÃO DEFORMIDADES EXÉRESE TUMORES, CICATRIZES FERIMENTOS COM EMPREGO EXPANSORES RETALHOS MUSC;09B;2;4;DERMATOLOGIA / PLÁSTICA
3.01.01.18-2;CORREÇÃO DE DEFORMIDADES POR EXÉRESE DE TUMORES, CICATRIZES OU FERIMENTOS, COM O EMPREGO DE EXPANSOR;09B;2;4;DERMATOLOGIA / PLÁSTICA
3.01.01.19-0;CORREÇÃO DE LIPODISTROFIA BRAQUIAL, CRURAL OU TROCANTERIANA DE MEMBROS SUPERIORES E INFERIORES;09A;2;4;DERMATOLOGIA / PLÁSTICA
3.01.01.20-4;CRIOCIRURGIA (NITROGÊNIO LÍQUIDO) DE NEOPLASIAS CUTÂNEAS;03B;;2;DERMATOLOGIA / PLÁSTICA
3.01.01.21-2;CURATIVO DE QUEIMADURAS (POR U.T.) AMBULATORIAL;01C;;1;DERMATOLOGIA / PLÁSTICA
3.01.01.22-0;CURATIVO DE QUEIMADURAS (POR U.T.) HOSPITALAR;02C;;1;DERMATOLOGIA / PLÁSTICA
3.01.01.23-9;CURATIVO ESPECIAL SOB ANESTESIA (POR U.T.);02C;;1;DERMATOLOGIA / PLÁSTICA
3.01.01.24-7;CURETAGEM E ELETROCOAGULAÇÃO DE CA DE PELE (POR LESÃO);03A;;;DERMATOLOGIA / PLÁSTICA
3.01.01.25-5;CURETAGEM SIMPLES DE LESÕES DE PELE (POR GRUPO DE ATÉ 5 LESÕES);02A;;;DERMATOLOGIA / PLÁSTICA
3.01.01.26-3;DERMOABRASÃO DE LESÕES CUTÂNEAS;04C;;;DERMATOLOGIA / PLÁSTICA
3.01.01.27-1;DERMOLIPECTOMIA PARA CORREÇÃO DE ABDOME EM AVENTAL;09C;2;5;DERMATOLOGIA / PLÁSTICA
3.01.01.28-0;DESBRIDAMENTO CIRÚRGICO - POR UNIDADE TOPOGRÁFICA (UT);03C;;2;DERMATOLOGIA / PLÁSTICA
3.01.01.29-8;ELETROCOAGULAÇÃO DE LESÕES DE PELE E MUCOSAS - COM OU SEM CURETAGEM (POR GRUPO DE ATÉ 5 LESÕES);02C;;;DERMATOLOGIA / PLÁSTICA
3.01.01.30-1;ENXERTO CARTILAGINOSO;05B;1;2;DERMATOLOGIA / PLÁSTICA
3.01.01.31-0;ENXERTO COMPOSTO;05B;1;2;DERMATOLOGIA / PLÁSTICA
3.01.01.32-8;ENXERTO DE MUCOSA;05B;1;2;DERMATOLOGIA / PLÁSTICA
3.01.01.33-6;ENXERTO DE PELE (HOMOENXERTO INCLUSIVE);05B;2;2;DERMATOLOGIA / PLÁSTICA
3.01.01.34-4;ENXERTO DE PELE MÚLTIPLO - POR UNIDADE TOPOGRÁFICA (UT);05B;2;2;DERMATOLOGIA / PLÁSTICA
3.01.01.35-2;EPILAÇÃO POR ELETRÓLISE (POR SESSÃO);02A;;;DERMATOLOGIA / PLÁSTICA
3.01.01.36-0;ESCALPO PARCIAL - TRATAMENTO CIRÚRGICO;06A;2;4;DERMATOLOGIA / PLÁSTICA
3.01.01.37-9;ESCALPO TOTAL - TRATAMENTO CIRÚRGICO;09B;2;5;DERMATOLOGIA / PLÁSTICA
3.01.01.38-7;ESCAROTOMIA DESCOMPRESSIVA (POR U.T.);02C;;2;DERMATOLOGIA / PLÁSTICA
3.01.01.39-5;ESFOLIAÇÃO QUÍMICA MÉDIA (POR SESSÃO) ;03C;;;DERMATOLOGIA / PLÁSTICA
3.01.01.40-9;ESFOLIAÇÃO QUÍMICA PROFUNDA (POR SESSÃO);04A;;;DERMATOLOGIA / PLÁSTICA
3.01.01.41-7;ESFOLIAÇÃO QUÍMICA SUPERFICIAL (POR SESSÃO);03A;;;DERMATOLOGIA / PLÁSTICA
3.01.01.42-5;EXÉRESE DE HIGROMA CÍSTICO;09A;1;3;DERMATOLOGIA / PLÁSTICA
3.01.01.43-3;EXÉRESE DE HIGROMA CÍSTICO NO RN E LACTENTE ;11C;2;5;DERMATOLOGIA / PLÁSTICA
3.01.01.44-1;EXÉRESE DE LESÃO COM AUTO ENXERTIA;05C;1;2;DERMATOLOGIA / PLÁSTICA
3.01.01.45-0;EXÉRESE E SUTURA DE LESÕES (CIRCULARES OU NÃO) COM ROTAÇÃO DE RETALHOS CUTÂNEOS;05A;1;2;DERMATOLOGIA / PLÁSTICA
3.01.01.46-8;EXÉRESE DE LESÃO / TUMOR DE PELE E MUCOSAS;03C;1;3;DERMATOLOGIA / PLÁSTICA
3.01.01.47-6;EXÉRESE DE TUMOR E ROTAÇÃO DE RETALHO MUSCULOCUTÂNEO;05B;1;2;DERMATOLOGIA / PLÁSTICA
3.01.01.48-4;EXÉRESE DE UNHA;02B;;;DERMATOLOGIA / PLÁSTICA
3.01.01.49-2;EXÉRESE E SUTURA SIMPLES DE PEQUENAS LESÕES - GRUPO DE ATÉ 5 LESÕES;03B;;2;DERMATOLOGIA / PLÁSTICA
3.01.01.50-6;EXÉRESE TANGENCIAL (SHAVING) - (POR GRUPO DE ATÉ 5 LESÕES);02C;;2;DERMATOLOGIA / PLÁSTICA
3.01.01.51-4;EXPANSÃO TISSULAR (POR SESSÃO);01C;;2;DERMATOLOGIA / PLÁSTICA
3.01.01.52-2;EXTENSOS FERIMENTOS, CICATRIZES OU TUMORES - EXCISÃO E RETALHOS CUTÂNEOS DA REGIÃO;08B;1;3;DERMATOLOGIA / PLÁSTICA
3.01.01.53-0;EXTENSOS FERIMENTOS, CICATRIZES OU TUMORES - EXÉRESE E EMPREGO DE RETALHOS CUTÂNEOS OU MUSCULARES C;09B;1;4;DERMATOLOGIA / PLÁSTICA
3.01.01.54-9;EXTENSOS FERIMENTOS, CICATRIZES OU TUMORES - EXÉRESE E RETALHOS CUTÂNEOS À DISTÂNCIA;09B;1;4;DERMATOLOGIA / PLÁSTICA
3.01.01.55-7;EXTENSOS FERIMENTOS, CICATRIZES OU TUMORES - EXÉRESE E ROTAÇÃO DE RETALHO FASCIOCUTÂNEO OU AXIAL;09B;1;4;DERMATOLOGIA / PLÁSTICA
3.01.01.56-5;EXTENSOS FERIMENTOS, CICATRIZES OU TUMORES - EXÉRESE E ROTAÇÃO DE RETALHOS MIOCUTÂNEOS;09A;1;4;DERMATOLOGIA / PLÁSTICA
3.01.01.57-3;EXTENSOS FERIMENTOS, CICATRIZES OU TUMORES - EXÉRESE E ROTAÇÃO DE RETALHOS MUSCULARES;09A;1;4;DERMATOLOGIA / PLÁSTICA
3.01.01.58-1;EXTENSOS FERIMENTOS, CICATRIZES, OU TUMORES - EXÉRESE E ENXERTO CUTÂNEO;08A;1;3;DERMATOLOGIA / PLÁSTICA
3.01.01.59-0;FACE - BIÓPSIA;03B;;;DERMATOLOGIA / PLÁSTICA
3.01.01.60-3;FERIMENTOS INFECTADOS E MORDIDAS DE ANIMAIS (DESBRIDAMENTO);02B;1;2;DERMATOLOGIA / PLÁSTICA
3.01.01.61-1;INCISÃO E DRENAGEM DE TENOSSINOVITES PURULENTAS;03B;1;2;DERMATOLOGIA / PLÁSTICA
3.01.01.62-0;INCISÃO E DRENAGEM DE ABSCESSO, HEMATOMA OU PANARÍCIO;02B;;;DERMATOLOGIA / PLÁSTICA
3.01.01.63-8;INCISÃO E DRENAGEM DE FLEGMÃO;03A;;;DERMATOLOGIA / PLÁSTICA
3.01.01.64-6;INFILTRAÇÃO INTRALESIONAL, CICATRICIAL E HEMANGIOMA - POR SESSÃO;01C;;;DERMATOLOGIA / PLÁSTICA
3.01.01.65-4;LASERCIRURGIA (POR SESSÃO);04B;;2;DERMATOLOGIA / PLÁSTICA
3.01.01.66-2;MATRICECTOMIA POR DOBRA UNGUEAL;03A;;;DERMATOLOGIA / PLÁSTICA
3.01.01.67-0;PLÁSTICA EM Z OU W;04A;1;2;DERMATOLOGIA / PLÁSTICA
3.01.01.68-9;RECONSTRUÇÃO COM RETALHOS DE GÁLEA APONEURÓTICA;08C;2;5;DERMATOLOGIA / PLÁSTICA
3.01.01.69-7;RETALHO COMPOSTO (INCLUINDO CARTILAGEM OU OSSO);08C;2;5;DERMATOLOGIA / PLÁSTICA
3.01.01.73-5;RETIRADA DE CORPO ESTRANHO SUBCUTÂNEO;02C;;1;DERMATOLOGIA / PLÁSTICA
3.01.01.74-3;RETRAÇÃO CICATRICIAL DE AXILA - TRATAMENTO CIRÚRGICO;05B;2;3;DERMATOLOGIA / PLÁSTICA
3.01.01.75-1;RETRAÇÃO CICATRICIAL DE ZONA DE FLEXÃO E EXTENSÃO DE MEMBROS SUPERIORES E INFERIORES;05B;1;3;DERMATOLOGIA / PLÁSTICA
3.01.01.76-0;RETRAÇÃO CICATRICIAL DO COTOVELO - TRATAMENTO CIRÚRGICO;05B;2;3;DERMATOLOGIA / PLÁSTICA
3.01.01.77-8;RETRAÇÃO DE APONEVROSE PALMAR (DUPUYTREN);05B;1;3;DERMATOLOGIA / PLÁSTICA
3.01.01.78-6;SUTURA DE EXTENSOS FERIMENTOS COM OU SEM DESBRIDAMENTO;05B;1;3;DERMATOLOGIA / PLÁSTICA
3.01.01.79-4;SUTURA DE PEQUENOS FERIMENTOS COM OU SEM DESBRIDAMENTO;02B;;3;DERMATOLOGIA / PLÁSTICA
3.01.01.80-8;TRANSECÇÃO DE RETALHO;05B;1;3;DERMATOLOGIA / PLÁSTICA
3.01.01.81-6;TRANSFERÊNCIA INTERMEDIÁRIA DE RETALHO;05B;1;3;DERMATOLOGIA / PLÁSTICA
3.01.01.82-4;TRATAMENTO CIRÚRGICO DE BRIDAS CONSTRICTIVAS;09A;1;3;DERMATOLOGIA / PLÁSTICA
3.01.01.83-2;CIRURGIA DE HEMANGIOMA EXTENSOS;09C;2;4;DERMATOLOGIA / PLÁSTICA
3.01.01.84-0;TRATAMENTO DA MIIASE FURUNCULOIDE (POR LESÃO);02C;;;DERMATOLOGIA / PLÁSTICA
3.01.01.85-9;PHOTODERM E RAIO LASER EM HEMANGIOMA, MANCHAS E CICATRIZES ATE 3X3 CM;02A;;2;DERMATOLOGIA / PLÁSTICA
3.01.01.86-7;TRATAMENTO DE ESCARAS OU ULCERAÇÕES COM ENXERTO DE PELE;09A;1;4;DERMATOLOGIA / PLÁSTICA
3.01.01.87-5;TRATAMENTO DE ESCARAS OU ULCERAÇÕES COM RETALHOS CUTÂNEOS LOCAIS;09A;1;4;DERMATOLOGIA / PLÁSTICA
3.01.01.88-3;TRATAMENTO DE ESCARAS OU ULCERAÇÕES COM RETALHOS MIOCUTÂNEOS OU MUSCULARES;09B;1;5;DERMATOLOGIA / PLÁSTICA
3.01.01.89-1;TRATAMENTO DE FÍSTULA CUTÂNEA;03B;;2;DERMATOLOGIA / PLÁSTICA
3.01.01.90-5;PHOTODERM E RAIO LASER EM HEMANGIOMA, MANCHAS E CICATRIZES MAIORES DE 6X6 CM;02A;;2;DERMATOLOGIA / PLÁSTICA
3.01.01.91-3;TU PARTES MOLES - EXÉRESE;04A;1;1;DERMATOLOGIA / PLÁSTICA
3.01.01.92-1;EXERESE E SUTURA DE HEMANGIOMA, LINFANGIOMA OU NEVUS (POR GRUPO DE ATÉ 5 LESÕES);03B;1;3;DERMATOLOGIA / PLÁSTICA
3.01.01.93-0;ABSCESSO DE UNHA (DRENAGEM) - TRATAMENTO CIRÚRGICO;02B;;1;DERMATOLOGIA / PLÁSTICA
3.01.01.94-8;CANTOPLASTIA UNGUEAL;03A;1;2;DERMATOLOGIA / PLÁSTICA
3.01.01.95-6;UNHA (ENXERTO) - TRATAMENTO CIRÚRGICO;02B;1;2;DERMATOLOGIA / PLÁSTICA
3.07.01.01-5;ABDOMINAL OU HIPOGÁSTRICO;12C;2;6;DERMATOLOGIA / PLASTICA / ORTOPEDIA
3.07.01.02-3;TRANSPLANTES CUTANEOS DE ANTEBRACO;13A;2;6;DERMATOLOGIA / PLASTICA / ORTOPEDIA
3.07.01.03-1;AXILAR;12C;2;6;DERMATOLOGIA / PLASTICA / ORTOPEDIA
3.07.01.04-0;COURO CABELUDO;12C;2;6;DERMATOLOGIA / PLASTICA / ORTOPEDIA
3.07.01.05-8;DELTOPEITORAL;12C;2;6;DERMATOLOGIA / PLASTICA / ORTOPEDIA
3.07.01.06-6;DIGITAIS (DA FACE VOLAR E LÁTERO-CUBITAL DOS DEDOS MÉDIO E ANULAR DA MÃO);12C;2;5;DERMATOLOGIA / PLASTICA / ORTOPEDIA
3.07.01.07-4;DIGITAL DO HALLUX;12B;1;5;DERMATOLOGIA / PLASTICA / ORTOPEDIA
3.07.01.08-2;DORSAL DO PÉ;12C;2;6;DERMATOLOGIA / PLASTICA / ORTOPEDIA
3.07.01.09-0;ESCAPULAR;12C;2;6;DERMATOLOGIA / PLASTICA / ORTOPEDIA
3.07.01.10-4;FEMORAL;12B;2;6;DERMATOLOGIA / PLASTICA / ORTOPEDIA
3.07.01.11-2;FOSSA POPLÍTEA;12B;2;6;DERMATOLOGIA / PLASTICA / ORTOPEDIA
3.07.01.12-0;INGUINO-CURAL;12C;2;6;DERMATOLOGIA / PLASTICA / ORTOPEDIA
3.07.01.13-9;INTERCOSTAL;12B;2;6;DERMATOLOGIA / PLASTICA / ORTOPEDIA
3.07.01.14-7;INTERDIGITAL DA 1A COMISSURA DOS DEDOS DO PÉ;12B;2;6;DERMATOLOGIA / PLASTICA / ORTOPEDIA
3.07.01.15-5;OUTROS TRANSPLANTES CUTÂNEOS;12B;1;5;DERMATOLOGIA / PLASTICA / ORTOPEDIA
3.07.01.16-3;PARAESCAPULAR;12B;2;6;DERMATOLOGIA / PLASTICA / ORTOPEDIA
3.07.01.17-1;RETROAURICULAR;12C;2;6;DERMATOLOGIA / PLASTICA / ORTOPEDIA
3.07.01.18-0;TEMPORAL;12C;2;6;DERMATOLOGIA / PLASTICA / ORTOPEDIA
3.07.01.19-8;TRANSPLANTE CUTÂNEO COM MICROANASTOMOSE;13A;3;6;DERMATOLOGIA / PLASTICA / ORTOPEDIA
3.07.01.20-1;TRANSPLANTE CUTÂNEO SEM MICROANASTOMOSE, ILHA NEUROVASCULAR;08B;2;4;DERMATOLOGIA / PLASTICA / ORTOPEDIA
3.07.01.21-0;TRANSPLANTE MIOCUTÂNEO COM MICROANASTOMOSE;13A;3;6;DERMATOLOGIA / PLASTICA / ORTOPEDIA
3.07.02.01-1;TRANSPLANTE CUTANEOS GRANDE DORSAL;12C;2;6;DERMATOLOGIA / PLASTICA / ORTOPEDIA
3.07.02.02-0;GRANDE GLÚTEO (GLUTEUS MAXIMUS);12B;2;6;DERMATOLOGIA / PLASTICA / ORTOPEDIA
3.07.02.03-8;OUTROS TRANSPLANTES MÚSCULO-CUTÂNEOS;12B;2;6;DERMATOLOGIA / PLASTICA / ORTOPEDIA
3.07.02.04-6;RETO ABDOMINAL (RECTUS ABDOMINIS);12C;2;6;DERMATOLOGIA / PLASTICA / ORTOPEDIA
3.07.02.05-4;TRANSPLANTES CUTANEOS RETO INTERNO (GRACILIS);12C;2;6;DERMATOLOGIA / PLASTICA / ORTOPEDIA
3.07.02.06-2;TRANSPLANTES CUTANEOS SERRATO MAIOR (SERRATUS);12C;2;6;DERMATOLOGIA / PLASTICA / ORTOPEDIA
3.07.02.07-0;TRANSPLANTES CUTANEOS TENSOR DA FASCIA LATA;12C;2;6;DERMATOLOGIA / PLASTICA / ORTOPEDIA
3.07.02.08-9;TRAPÉZIO (TRAPEZIUS);12B;2;6;DERMATOLOGIA / PLASTICA / ORTOPEDIA
3.07.03.01-8;BÍCEPS FEMORAL (BICEPS FEMORIS);12B;2;6;DERMATOLOGIA / PLASTICA / ORTOPEDIA
3.07.03.01-8;BÍCEPS FEMORAL (BICEPS FEMORIS);12B;2;6;DERMATOLOGIA / PLASTICA / ORTOPEDIA
3.07.03.02-6;EXTENSOR COMUM DOS DEDOS (EXTENSOR DIGITORUM LONGUS);10A;1;6;DERMATOLOGIA / PLASTICA
3.07.03.02-6;EXTENSOR COMUM DOS DEDOS (EXTENSOR DIGITORUM LONGUS);10A;1;6;DERMATOLOGIA / PLASTICA / ORTOPEDIA
3.07.03.03-4;EXTENSOR PRÓPRIO DO DEDO GORDO (EXTENSOR HALLUCIS LONGUS);09C;1;5;DERMATOLOGIA / PLASTICA
3.07.03.03-4;EXTENSOR PRÓPRIO DO DEDO GORDO (EXTENSOR HALLUCIS LONGUS);09C;1;5;DERMATOLOGIA / PLASTICA / ORTOPEDIA
3.07.03.04-2;FLEXOR CURTO PLANTAR (FLEXOR DIGITORUM BREVIS);12A;2;6;DERMATOLOGIA / PLASTICA
3.07.03.04-2;FLEXOR CURTO PLANTAR (FLEXOR DIGITORUM BREVIS);12A;2;6;DERMATOLOGIA / PLASTICA / ORTOPEDIA
3.07.03.05-0;TRANSPLANTES MUSCULARES GRANDE DORSAL;12B;2;6;DERMATOLOGIA / PLASTICA
3.07.03.05-0;TRANSPLANTES MUSCULARES GRANDE DORSAL;12B;2;6;DERMATOLOGIA / PLASTICA / ORTOPEDIA
3.07.03.06-9;GRANDE PEITORAL (PECTORALIS MAJOR);12B;2;6;DERMATOLOGIA / PLASTICA
3.07.03.06-9;GRANDE PEITORAL (PECTORALIS MAJOR);12B;2;6;DERMATOLOGIA / PLASTICA / ORTOPEDIA
3.07.03.07-7;MÚSCULO PÉDIO (EXTENSOR DIGITORUM BREVIS);12B;1;5;DERMATOLOGIA / PLASTICA
3.07.03.07-7;MÚSCULO PÉDIO (EXTENSOR DIGITORUM BREVIS);12B;1;5;DERMATOLOGIA / PLASTICA / ORTOPEDIA
3.07.03.08-5;OS MÚSCULOS LATISSIMUS DORSI,GRACILIS,RECTUS FEMORIS,TENSOR FASCIA LATA,FLEXOR DIGITORUM BREVIS;03B;;1;DERMATOLOGIA / PLASTICA
3.07.03.08-5;OS MÚSCULOS LATISSIMUS DORSI,GRACILIS,RECTUS FEMORIS,TENSOR FASCIA LATA,FLEXOR DIGITORUM BREVIS;03B;;1;DERMATOLOGIA / PLASTICA / ORTOPEDIA
3.07.03.09-3;OUTROS TRANSPLANTES MUSCULARES;12B;1;5;DERMATOLOGIA / PLASTICA
3.07.03.09-3;OUTROS TRANSPLANTES MUSCULARES;12B;1;5;DERMATOLOGIA / PLASTICA / ORTOPEDIA
3.07.03.10-7;PRIMEIRO RADIAL EXTERNO (EXTENSOR CARPI RADIALIS LONGUS);12B;1;5;DERMATOLOGIA / PLASTICA
3.07.03.10-7;PRIMEIRO RADIAL EXTERNO (EXTENSOR CARPI RADIALIS LONGUS);12B;1;5;DERMATOLOGIA / PLASTICA / ORTOPEDIA
3.07.03.11-5;RETO ANTERIOR (RECTUS FEMORIS);12C;2;6;DERMATOLOGIA / PLASTICA
3.07.03.11-5;RETO ANTERIOR (RECTUS FEMORIS);12C;2;6;DERMATOLOGIA / PLASTICA / ORTOPEDIA
3.07.03.12-3;TRANSPLANTE MUSCULAR RETO INTERNO (GRACILIS);12C;2;6;DERMATOLOGIA / PLASTICA
3.07.03.12-3;TRANSPLANTE MUSCULAR RETO INTERNO (GRACILIS);12C;2;6;DERMATOLOGIA / PLASTICA / ORTOPEDIA
3.07.03.13-1;SARTÓRIO (SARTORIUS);12C;2;6;DERMATOLOGIA / PLASTICA
3.07.03.13-1;SARTÓRIO (SARTORIUS);12C;2;6;DERMATOLOGIA / PLASTICA / ORTOPEDIA
3.07.03.14-0;SEMIMEMBRANOSO (SEMIMEMBRANOSUS);12C;2;6;DERMATOLOGIA / PLASTICA
3.07.03.14-0;SEMIMEMBRANOSO (SEMIMEMBRANOSUS);12C;2;6;DERMATOLOGIA / PLASTICA / ORTOPEDIA
3.07.03.15-8;SEMITENDINOSO (SEMITENDINOSUS);12C;2;6;DERMATOLOGIA / PLASTICA
3.07.03.15-8;SEMITENDINOSO (SEMITENDINOSUS);12C;2;6;DERMATOLOGIA / PLASTICA / ORTOPEDIA
3.07.03.16-6;TRANSPLANTE MUSCULAR SERRATO MAIOR (SERRATUS);12C;2;6;DERMATOLOGIA / PLASTICA
3.07.03.16-6;TRANSPLANTE MUSCULAR SERRATO MAIOR (SERRATUS);12C;2;6;DERMATOLOGIA / PLASTICA / ORTOPEDIA
3.07.03.17-4;SUPINADOR LONGO (BRACHIORADIALIS);12B;1;5;DERMATOLOGIA / PLASTICA
3.07.03.17-4;SUPINADOR LONGO (BRACHIORADIALIS);12B;1;5;DERMATOLOGIA / PLASTICA / ORTOPEDIA
3.07.03.18-2;TRANSPLANTE MUSCULAR TENSOR DA FASCIA LATA;12C;2;6;DERMATOLOGIA / PLASTICA
3.07.03.18-2;TRANSPLANTE MUSCULAR TENSOR DA FASCIA LATA;12C;2;6;DERMATOLOGIA / PLASTICA / ORTOPEDIA
3.07.04.01-4;COSTELA;12C;2;6;ORTOPEDIA OMBRO / COTOVELO
3.07.04.02-2;ILÍACO;12C;2;6;ORTOPEDIA QUADRIL
3.07.04.03-0;OSTEOCUTÂNEO DE ILÍACO;12C;2;6;ORTOPEDIA QUADRIL
3.07.04.04-9;OSTEOCUTÂNEOS DE COSTELA;13A;2;6;CIR TORAX
3.07.04.04-9;OSTEOCUTÂNEOS DE COSTELA;13A;2;6;ORTOPEDIA OMBRO / COTOVELO
3.07.04.05-7;OSTEOMUSCULOCUTÂNEO DE COSTELA;13A;2;6;CIR TORAX
3.07.04.05-7;OSTEOMUSCULOCUTÂNEO DE COSTELA;13A;2;6;ORTOPEDIA OMBRO / COTOVELO
3.07.04.06-5;OUTROS TRANSPLANTES ÓSSEOS E OSTEOMUSCULOCUTÂNEOS;13A;2;6;ORTOPEDIA GERAL / ONCO
3.07.04.07-3;PERÔNIO OU FÍBULA;13A;2;6;ORTOPEDIA PÉ / TORNOZELO
3.07.04.08-1;TRANSPLANTE ÓSSEO VASCULARIZADO (MICROANASTOMOSE);13A;1;6;ORTOPEDIA GERAL / ONCO
3.07.05.01-0;AUTOTRANSPLANTE DE DOIS RETALHOS MUSCULARES COMBINADOS, ISOLADOS E ASSOCIADOS ENTRE SI, ;13A;2;7;DERMATOLOGIA / PLASTICA / CCP
3.07.05.01-0;AUTOTRANSPLANTE DE DOIS RETALHOS MUSCULARES COMBINADOS, ISOLADOS E ASSOCIADOS ENTRE SI, ;13A;2;7;DERMATOLOGIA / PLASTICA / CCP
3.07.05.01-0;AUTOTRANSPLANTE DE DOIS RETALHOS MUSCULARES COMBINADOS, ISOLADOS E ASSOCIADOS ENTRE SI, ;13A;2;7;ORTOPEDIA GERAL / ONCO
3.07.05.02-9;AUTOTRANSPLANTE DE DOIS RETALHOS CUTÂNEOS COMBINADOS, ISOLADOS E ASSOCIADOS ENTRE SI, LIGADOS ;13A;2;7;DERMATOLOGIA / PLASTICA / CCP
3.07.05.02-9;AUTOTRANSPLANTE DE DOIS RETALHOS CUTÂNEOS COMBINADOS, ISOLADOS E ASSOCIADOS ENTRE SI, LIGADOS ;13A;2;7;DERMATOLOGIA / PLASTICA / CCP
3.07.05.02-9;AUTOTRANSPLANTE DE DOIS RETALHOS CUTÂNEOS COMBINADOS, ISOLADOS E ASSOCIADOS ENTRE SI, LIGADOS ;13A;2;7;ORTOPEDIA GERAL / ONCO
3.07.05.03-7;AUTOTRANSPLANTE DE DOIS RETALHOS, UM CUTÂNEO COMBINADO A UM MUSCULAR, ISOLADOS E ASSOCIADOS ENT;13A;2;7;DERMATOLOGIA / PLASTICA / CCP
3.07.05.03-7;AUTOTRANSPLANTE DE DOIS RETALHOS, UM CUTÂNEO COMBINADO A UM MUSCULAR, ISOLADOS E ASSOCIADOS ENT;13A;2;7;DERMATOLOGIA / PLASTICA / CCP
3.07.05.03-7;AUTOTRANSPLANTE DE DOIS RETALHOS, UM CUTÂNEO COMBINADO A UM MUSCULAR, ISOLADOS E ASSOCIADOS ENT;13A;2;7;ORTOPEDIA GERAL / ONCO
3.07.05.04-5;AUTOTRANSPLANTE DE DOIS RETALHOS, UM CUTÂNEO COMBINADO A RETALHO OSTEOMUSCULAR, ISOLADOS ;13A;2;7;DERMATOLOGIA / PLASTICA / CCP
3.07.05.04-5;AUTOTRANSPLANTE DE DOIS RETALHOS, UM CUTÂNEO COMBINADO A RETALHO OSTEOMUSCULAR, ISOLADOS ;13A;2;7;DERMATOLOGIA / PLASTICA / CCP
3.07.05.04-5;AUTOTRANSPLANTE DE DOIS RETALHOS, UM CUTÂNEO COMBINADO A RETALHO OSTEOMUSCULAR, ISOLADOS ;13A;2;7;ORTOPEDIA GERAL / ONCO
3.07.05.05-3;AUTOTRANSPLANTE DE EPIPLON;13A;2;7;DERMATOLOGIA / PLASTICA / CCP
3.07.05.05-3;AUTOTRANSPLANTE DE EPIPLON;13A;2;7;DERMATOLOGIA / PLASTICA / CCP
3.07.05.05-3;AUTOTRANSPLANTE DE EPIPLON;13A;2;7;ORTOPEDIA GERAL / ONCO
3.07.05.05-3;AUTOTRANSPLANTE DE EPIPLON;13A;2;7;DERMATOLOGIA / PLASTICA / CCP
3.07.05.06-1;AUTOTRANSPLANTE DE OUTROS RETALHOS, ISOLADOS ENTRE SI, E ASSOCIADOS MEDIANTE UM ÚNICO PEDÍCULO VA;13A;2;7;DERMATOLOGIA / PLASTICA / CCP
3.07.05.06-1;AUTOTRANSPLANTE DE OUTROS RETALHOS, ISOLADOS ENTRE SI, E ASSOCIADOS MEDIANTE UM ÚNICO PEDÍCULO VA;13A;2;7;DERMATOLOGIA / PLASTICA / CCP
3.07.05.06-1;AUTOTRANSPLANTE DE OUTROS RETALHOS, ISOLADOS ENTRE SI, E ASSOCIADOS MEDIANTE UM ÚNICO PEDÍCULO VA;13A;2;7;ORTOPEDIA GERAL / ONCO
3.07.05.07-0;AUTOTRANSPLANTE DE TRÊS RETALHOS, UM CUTÂNEO SEPARADO, COMBINADO A OUTROS DOIS RETALHOS ;13A;2;7;DERMATOLOGIA / PLASTICA / CCP
3.07.05.07-0;AUTOTRANSPLANTE DE TRÊS RETALHOS, UM CUTÂNEO SEPARADO, COMBINADO A OUTROS DOIS RETALHOS ;13A;2;7;DERMATOLOGIA / PLASTICA / CCP
3.07.05.07-0;AUTOTRANSPLANTE DE TRÊS RETALHOS, UM CUTÂNEO SEPARADO, COMBINADO A OUTROS DOIS RETALHOS ;13A;2;7;ORTOPEDIA GERAL / ONCO
3.07.05.10-0;REIMPLANTE DE SEGMENTOS DISTAIS DO MEMBRO SUPERIOR, COM RESSECÇÃO SEGMENTAR;13A;2;7;ORTOPEDIA GERAL / ONCO
3.07.06.01-7;REIMPLANTE DO MEMBRO INFERIOR DO NÍVEL MÉDIO PROXIMAL DA PERNA ATÉ A COXA;13A;3;6;ORTOPEDIA JOELHO
3.07.06.02-5;REIMPLANTE DO MEMBRO INFERIOR DO PÉ ATÉ O TERÇO MÉDIO DA PERNA;13A;3;6;ORTOPEDIA PÉ / TORNOZELO
3.07.06.03-3;REIMPLANTE DO MEMBRO SUPERIOR, DO NÍVEL MÉDIO DO ANTEBRAÇO ATÉ O OMBRO;13A;3;6;ORTOPEDIA OMBRO / COTOVELO
3.07.07.01-3;TRANSPLANTE ARTICULAR DE METATARSOFALÂNGICA PARA A MÃO;13A;2;6;ORTOPEDIA MÃO / PUNHO
3.07.07.02-1;TRANSPLANTE DE 2º PODODÁCTILO PARA MÃO;13A;3;6;ORTOPEDIA MÃO / PUNHO
3.07.07.03-0;TRANSPLANTE DE DEDOS DO PÉ PARA A MÃO;13A;3;6;ORTOPEDIA MÃO / PUNHO
3.07.07.04-8;TRANSPLANTE DO 2º PODODÁCTILO PARA O POLEGAR;13A;2;6;ORTOPEDIA MÃO / PUNHO
3.07.07.05-6;TRANSPLANTE DO HALLUX PARA POLEGAR;13A;3;6;ORTOPEDIA MÃO / PUNHO
3.07.07.06-4;TRANSPLANTE DE DOIS PODODÁCTILOS PARA A MÃO;13A;2;6;ORTOPEDIA MÃO / PUNHO
3.07.09.01-6;INSTALAÇÃO DE HALO CRANIANO;03A;;2;NEURO / COLUNA
3.07.09.01-6;INSTALAÇÃO DE HALO CRANIANO;03A;;2;NEURO / COLUNA
3.07.09.02-4;TRAÇÃO CUTÂNEA;01B;;1;ORTOPEDIA GERAL / ONCO
3.07.09.03-2;TRACAO TRANSESQUELETICA (POR MEMBRO);02A;;1;ORTOPEDIA GERAL / ONCO
3.07.10.01-4;FIOS OU PINOS METÁLICOS TRANSÓSSEOS;03B;;1;ORTOPEDIA GERAL / ONCO
3.07.10.02-2;FIOS, PINOS, PARAFUSOS OU HASTES METÁLICAS INTRA-ÓSSEAS;03B;1;2;ORTOPEDIA GERAL / ONCO
3.07.10.03-0;PLACAS;03C;1;2;ORTOPEDIA GERAL / ONCO
3.07.10.04-9;PRÓTESES DE SUBSTITUIÇÃO DE PEQUENAS ARTICULAÇÕES;06A;1;3;ORTOPEDIA GERAL / ONCO
3.07.10.05-7;RETIRADA DE FIXADORES EXTERNOS;03B;;2;ORTOPEDIA GERAL / ONCO
3.07.11.01-0;IMOBILIZAÇÕES NÃO-GESSADAS (QUALQUER SEGMENTO);01A;;;ORTOPEDIA GERAL / ONCO
3.07.11.02-9;MEMBRO INFERIOR;01B;;;ORTOPEDIA GERAL / ONCO
3.07.11.03-7;MEMBRO SUPERIOR;01A;;;ORTOPEDIA GERAL / ONCO
3.07.12.01-7;ÁXILO-PALMAR OU PENDENTE;01B;;;ORTOPEDIA GERAL / ONCO
3.07.12.02-5;BOTA COM OU SEM SALTO;01B;;;ORTOPEDIA GERAL / ONCO
3.07.12.03-3;COLAR;01B;;;ORTOPEDIA GERAL / ONCO
3.07.12.04-1;COLETE;01C;;;ORTOPEDIA GERAL / ONCO
3.07.12.05-0;CRURO-PODÁLICO;01C;;;ORTOPEDIA GERAL / ONCO
3.07.12.06-8;DUPLA ABDUÇÃO OU DUCROQUET;01C;;;ORTOPEDIA GERAL / ONCO
3.07.12.07-6;HALO-GESSO;04A;;;ORTOPEDIA GERAL / ONCO
3.07.12.08-4;INGUINO-MALEOLAR;01C;;;ORTOPEDIA GERAL / ONCO
3.07.12.09-2;LUVA;01B;;;ORTOPEDIA GERAL / ONCO
3.07.12.10-6;MINERVA OU RISSER PARA ESCOLIOSE;02C;;;ORTOPEDIA GERAL / ONCO
3.07.12.11-4;PELVIPODÁLICO;02C;;;ORTOPEDIA GERAL / ONCO
3.07.12.12-2;SPICA-GESSADA;02B;;;ORTOPEDIA GERAL / ONCO
3.07.12.13-0;TIPO VELPEAU;01C;;;ORTOPEDIA GERAL / ONCO
3.07.12.14-9;TÓRACO-BRAQUIAL;02C;;;ORTOPEDIA GERAL / ONCO
3.07.13.02-1;BIOPSIA OSSEA;02B;;2;ORTOPEDIA GERAL / ONCO
3.07.13.03-0;BIOPSIAS PERCUTANEA SINOVIAL OU DE TECIDOS MOLES;02B;;2;ORTOPEDIA GERAL / ONCO
3.07.13.04-8;ENXERTOS EM OUTRAS PSEUDARTROSES;07C;1;4;ORTOPEDIA GERAL / ONCO
3.07.13.06-4;MANIPULAÇÃO ARTICULAR SOB ANESTESIA GERAL;03B;;1;ORTOPEDIA GERAL / ONCO
3.07.13.07-2;RETIRADA DE ENXERTO ÓSSEO;03B;1;1;ORTOPEDIA GERAL / ONCO
3.07.13.13-7;PUNÇÃO ARTICULAR DIAGNÓSTICA OU TERAPÊUTICA (INFILTRAÇÃO). QUANDO ORIENTADA POR RX, US, TC E RM, COB;02A;;;ORTOPEDIA GERAL / ONCO
3.07.13.14-5;PUNÇÃO EXTRA-ARTICULAR DIAGNÓSTICA OU TERAPÊUTICA (INFILTRAÇÃO/AGULHAMENTO SECO). QUANDO ORIENTADA P;02A;;1;ORTOPEDIA GERAL / ONCO
3.07.13.15-3;ARTROSCOPIA EM JOELHO, TORNOZELOELO, COTOVELO E PUNHO (PARA DIAGNOSTICO COM OU SEM BIOPSIA SINOVIAL);05C;1;3;ORTOPEDIA GERAL / ONCO
3.07.14.01-0;CORPO ESTRANHO INTRA-ARTICULAR - TRATAMENTO CIRÚRGICO;03C;1;2;ORTOPEDIA GERAL / ONCO
3.07.14.02-8;CORPO ESTRANHO INTRA-ÓSSEO - TRATAMENTO CIRÚRGICO;03C;1;2;ORTOPEDIA GERAL / ONCO
3.07.14.03-6;CORPO ESTRANHO INTRAMUSCULAR - TRATAMENTO CIRÚRGICO;03C;1;2;ORTOPEDIA GERAL / ONCO
3.07.15.01-6;ARTRODESE DA COLUNA C/ INSTRUMENTAÇÃO POR SEGMENTO;10B;2;6;ORTOPEDIA COLUNA / NEURO
3.07.15.01-6;ARTRODESE DA COLUNA C/ INSTRUMENTAÇÃO POR SEGMENTO;10B;2;6;NEURO / COLUNA
3.07.15.02-4;ARTRODESE DE COLUNA VIA ANTERIOR OU PÓSTERO LATERAL - TRATAMENTO CIRÚRGICO;10B;2;6;ORTOPEDIA COLUNA / NEURO
3.07.15.02-4;ARTRODESE DE COLUNA VIA ANTERIOR OU PÓSTERO LATERAL - TRATAMENTO CIRÚRGICO;10B;2;6;NEURO / COLUNA
3.07.15.03-2;BIÓPSIA DA COLUNA;05B;1;2;ORTOPEDIA COLUNA / NEURO
3.07.15.03-2;BIÓPSIA DA COLUNA;05B;1;2;NEURO / COLUNA
3.07.15.04-0;BIÓPSIA DE CORPO VERTEBRAL COM AGULHA;03B;1;2;ORTOPEDIA COLUNA / NEURO
3.07.15.04-0;BIÓPSIA DE CORPO VERTEBRAL COM AGULHA;03B;1;2;NEURO / COLUNA
3.07.15.05-9;CIRURGIA DE COLUNA POR VIA ENDOSCÓPICA;11A;2;7;ORTOPEDIA COLUNA / NEURO
3.07.15.05-9;CIRURGIA DE COLUNA POR VIA ENDOSCÓPICA;11A;2;7;NEURO / COLUNA
3.07.15.06-7;CORDOTOMIA - MIELOTOMIA;10B;2;6;ORTOPEDIA COLUNA / NEURO
3.07.15.06-7;CORDOTOMIA - MIELOTOMIA;10B;2;6;NEURO / COLUNA
3.07.15.07-5;COSTELA CERVICAL - TRATAMENTO CIRÚRGICO;08B;1;3;ORTOPEDIA COLUNA / NEURO
3.07.15.07-5;COSTELA CERVICAL - TRATAMENTO CIRÚRGICO;08B;1;3;NEURO / COLUNA
3.07.15.08-3;DERIVAÇÃO LOMBAR EXTERNA;06A;1;3;ORTOPEDIA COLUNA / NEURO
3.07.15.08-3;DERIVAÇÃO LOMBAR EXTERNA;06A;1;3;NEURO / COLUNA
3.07.15.09-1;DESCOMPRESSÃO MEDULAR E/OU CAUDA EQUINA;09C;2;5;ORTOPEDIA COLUNA / NEURO
3.07.15.09-1;DESCOMPRESSÃO MEDULAR E/OU CAUDA EQUINA;09C;2;5;NEURO / COLUNA
3.07.15.10-5;DORSO CURVO / ESCOLIOSE / GIBA COSTAL - TRATAMENTO CIRÚRGICO;11A;2;6;ORTOPEDIA COLUNA / NEURO
3.07.15.10-5;DORSO CURVO / ESCOLIOSE / GIBA COSTAL - TRATAMENTO CIRÚRGICO;11A;2;6;NEURO / COLUNA
3.07.15.11-3;ESPONDILOLISTESE - TRATAMENTO CIRÚRGICO;10A;2;5;ORTOPEDIA COLUNA / NEURO
3.07.15.11-3;ESPONDILOLISTESE - TRATAMENTO CIRÚRGICO;10A;2;5;NEURO / COLUNA
3.07.15.12-1;FRATURA DE COLUNA - TRATAMENTO CONSERVADOR ;02C;;;ORTOPEDIA COLUNA / NEURO
3.07.15.12-1;FRATURA DE COLUNA - TRATAMENTO CONSERVADOR ;02C;;;NEURO / COLUNA
3.07.15.13-0;FRATURA DO CÓCCIX - REDUÇÃO INCRUENTA;03A;;2;ORTOPEDIA COLUNA / NEURO
3.07.15.13-0;FRATURA DO CÓCCIX - REDUÇÃO INCRUENTA;03A;;2;NEURO / COLUNA
3.07.15.14-8;FRATURA DO CÓCCIX - REDUÇÃO CIRÚRGICA;07C;1;2;ORTOPEDIA COLUNA / NEURO
3.07.15.14-8;FRATURA DO CÓCCIX - REDUÇÃO CIRURGICA;07C;1;2;NEURO / COLUNA
3.07.15.15-6;FRATURA E/OU LUXAÇÃO DE COLUNA VERTEBRAL - REDUÇÃO INCRUENTA;05B;1;2;ORTOPEDIA COLUNA / NEURO
3.07.15.15-6;FRATURA E/OU LUXAÇÃO DE COLUNA VERTEBRAL - REDUÇÃO INCRUENTA;05B;1;2;NEURO / COLUNA
3.07.15.16-4;FRATURAS OU FRATURA-LUXAÇÃO DE COLUNA - TRATAMENTO CIRÚRGICO;08C;2;5;ORTOPEDIA COLUNA / NEURO
3.07.15.16-4;FRATURAS OU FRATURA-LUXAÇÃO DE COLUNA - TRATAMENTO CIRÚRGICO;08C;2;5;NEURO / COLUNA
3.07.15.17-2;HEMIVÉRTEBRA - RESSECÇÃO VIA ANTERIOR OU POSTERIOR - TRATAMENTO CIRÚRGICO;09A;2;4;ORTOPEDIA COLUNA / NEURO
3.07.15.17-2;HEMIVÉRTEBRA - RESSECÇÃO VIA ANTERIOR OU POSTERIOR - TRATAMENTO CIRÚRGICO;09A;2;4;NEURO / COLUNA
3.07.15.18-0;HERNIA-DISCAL: TRATAMENTO CIRURGICO;09C;1;5;ORTOPEDIA COLUNA / NEURO
3.07.15.18-0;HERNIA-DISCAL: TRATAMENTO CIRURGICO;09C;1;5;NEURO / COLUNA
3.07.15.19-9;LAMINECTOMIA POR SEGMENTO (ARACNOIDITE, ABSCESSO EPIDURAL);09C;2;5;ORTOPEDIA COLUNA / NEURO
3.07.15.19-9;LAMINECTOMIA POR SEGMENTO (ARACNOIDITE, ABSCESSO EPIDURAL);09C;2;5;NEURO / COLUNA
3.07.15.21-0;OSTEOMIELITE DE COLUNA - TRATAMENTO CIRÚRGICO;08B;2;4;ORTOPEDIA COLUNA / NEURO
3.07.15.21-0;OSTEOMIELITE DE COLUNA - TRATAMENTO CIRÚRGICO;08B;2;4;NEURO / COLUNA
3.07.15.22-9;OSTEOTOMIA DE COLUNA VERTEBRAL - TRATAMENTO CIRÚRGICO;08C;2;5;ORTOPEDIA COLUNA / NEURO
3.07.15.22-9;OSTEOTOMIA DE COLUNA VERTEBRAL - TRATAMENTO CIRÚRGICO;08C;2;5;NEURO / COLUNA
3.07.15.23-7;OUTRAS AFECÇÕES DA COLUNA - TRATAMENTO INCRUENTO;03B;;2;ORTOPEDIA COLUNA / NEURO
3.07.15.23-7;OUTRAS AFECÇÕES DA COLUNA - TRATAMENTO INCRUENTO;03B;;2;NEURO / COLUNA
3.07.15.24-5;PSEUDARTROSE DE COLUNA - TRATAMENTO CIRÚRGICO;09C;2;6;ORTOPEDIA COLUNA / NEURO
3.07.15.24-5;PSEUDARTROSE DE COLUNA - TRATAMENTO CIRÚRGICO;09C;2;6;NEURO / COLUNA
3.07.15.25-3;PUNÇÃO LIQUÓRICA;02B;;2;ORTOPEDIA COLUNA / NEURO
3.07.15.25-3;PUNÇÃO LIQUÓRICA;02B;;2;NEURO / COLUNA
3.07.15.26-1;RETIRADA DE CORPO ESTRANHO - TRATAMENTO CIRÚRGICO;08B;2;4;ORTOPEDIA COLUNA / NEURO
3.07.15.26-1;RETIRADA DE CORPO ESTRANHO - TRATAMENTO CIRÚRGICO;08B;2;4;NEURO / COLUNA
3.07.15.27-0;RETIRADA DE MATERIAL DE SÍNTESE - TRATAMENTO CIRÚRGICO;08A;1;3;ORTOPEDIA COLUNA / NEURO
3.07.15.27-0;RETIRADA DE MATERIAL DE SÍNTESE - TRATAMENTO CIRÚRGICO;08A;1;3;NEURO / COLUNA
3.07.15.28-8;SUBSTITUIÇÃO DE CORPO VERTEBRAL;10B;2;6;ORTOPEDIA COLUNA / NEURO
3.07.15.28-8;SUBSTITUIÇÃO DE CORPO VERTEBRAL;10B;2;6;NEURO / COLUNA
3.07.15.29-6;TRAÇÃO CERVICAL TRANSESQUELÉTICA;08B;1;2;ORTOPEDIA COLUNA / NEURO
3.07.15.29-6;TRAÇÃO CERVICAL TRANSESQUELÉTICA;08B;1;2;NEURO / COLUNA
3.07.15.30-0;TRATAMENTO CIRÚRGICO DA CIFOSE INFANTIL;11B;2;7;ORTOPEDIA COLUNA / NEURO
3.07.15.30-0;TRATAMENTO CIRÚRGICO DA CIFOSE INFANTIL;11B;2;7;NEURO / COLUNA
3.07.15.31-8;TRATAMENTO CIRÚRGICO DA LESÃO TRAUMÁTICA RAQUIMEDULAR;11B;2;6;ORTOPEDIA COLUNA / NEURO
3.07.15.31-8;TRATAMENTO CIRÚRGICO DA LESÃO TRAUMÁTICA RAQUIMEDULAR;11B;2;6;NEURO / COLUNA
3.07.15.32-6;TRATAMENTO CIRÚRGICO DAS MALFORMAÇÕES CRANIOVERTEBRAIS;10B;2;6;ORTOPEDIA COLUNA / NEURO
3.07.15.32-6;TRATAMENTO CIRÚRGICO DAS MALFORMAÇÕES CRANIOVERTEBRAIS;10B;2;6;NEURO / COLUNA
3.07.15.33-4;TRATAMENTO CIRÚRGICO DO DISRAFISMO;10B;2;5;ORTOPEDIA COLUNA / NEURO
3.07.15.33-4;TRATAMENTO CIRÚRGICO DO DISRAFISMO;10B;2;5;NEURO / COLUNA
3.07.15.34-2;TRATAMENTO CONSERVADOR DO TRAUMATISMO RAQUIMEDULAR (POR DIA);03C;;;ORTOPEDIA COLUNA / NEURO
3.07.15.34-2;TRATAMENTO CONSERVADOR DO TRAUMATISMO RAQUIMEDULAR (POR DIA);03C;;;NEURO / COLUNA
3.07.15.35-0;TRATAMENTO MICROCIRÚRGICO DAS LESÕES INTRAMEDULARES (TUMOR, MAV, SIRINGOMIELIA, PARASITOSES);13B;2;7;ORTOPEDIA COLUNA / NEURO
3.07.15.35-0;TRATAMENTO MICROCIRÚRGICO DAS LESÕES INTRAMEDULARES (TUMOR, MAV, SIRINGOMIELIA, PARASITOSES);13B;2;7;NEURO / COLUNA
3.07.15.36-9;TRATAMENTO MICROCIRÚRGICO DO CANAL VERTEBRAL ESTREITO POR SEGMENTO;09C;2;6;ORTOPEDIA COLUNA / NEURO
3.07.15.36-9;TRATAMENTO MICROCIRÚRGICO DO CANAL VERTEBRAL ESTREITO POR SEGMENTO;09C;2;6;NEURO / COLUNA
3.07.15.37-7;TRATAMENTO PRÉ-NATAL DOS DISRAFISMOS ESPINHAIS;09A;2;6;ORTOPEDIA COLUNA / NEURO
3.07.15.37-7;TRATAMENTO PRÉ-NATAL DOS DISRAFISMOS ESPINHAIS;09A;2;6;NEURO / COLUNA
3.07.15.38-5;TUMOR ÓSSEO VERTEBRAL - RESSECÇÃO COM SUBSTITUIÇÃO COM OU SEM INSTRUMENTAÇÃO - TRATAMENTO CIRÚRGICO;10B;2;5;ORTOPEDIA COLUNA / NEURO
3.07.15.38-5;TUMOR ÓSSEO VERTEBRAL - RESSECÇÃO COM SUBSTITUIÇÃO COM OU SEM INSTRUMENTAÇÃO - TRATAMENTO CIRÚRGICO;10B;2;5;NEURO / COLUNA
3.07.15.39-3;HÉRNIA DE DISCO CERVICAL - TRATAMENTO CIRÚRGICO;10C;2;5;ORTOPEDIA COLUNA / NEURO
3.07.15.39-3;HÉRNIA DE DISCO CERVICAL - TRATAMENTO CIRÚRGICO;10C;2;5;NEURO / COLUNA
3.07.17.01-9;ARTRODESE AO NÍVEL DO OMBRO - TRATAMENTO CIRÚRGICO;08B;2;4;ORTOPEDIA OMBRO / COTOVELO
3.07.17.02-7;ARTROPLASTIA ESCÁPULO UMERAL COM IMPLANTE - TRATAMENTO CIRÚRGICO;10A;2;5;ORTOPEDIA OMBRO / COTOVELO
3.07.17.03-5;ARTROTOMIA GLENOUMERAL - TRATAMENTO CIRÚRGICO;06A;1;2;ORTOPEDIA OMBRO / COTOVELO
3.07.17.04-3;BIÓPSIA CIRÚRGICA DA CINTURA ESCAPULAR;03C;1;1;ORTOPEDIA OMBRO / COTOVELO
3.07.17.05-1;DEFORMIDADE (DOENÇA) SPRENGEL - TRATAMENTO CIRÚRGICO;08A;2;5;ORTOPEDIA OMBRO / COTOVELO
3.07.17.06-0;DESARTICULAÇÃO AO NÍVEL DO OMBRO - TRATAMENTO CIRÚRGICO;09A;2;4;ORTOPEDIA OMBRO / COTOVELO
3.07.17.07-8;ESCÁPULA EM RESSALTO - TRATAMENTO CIRÚRGICO;07A;1;2;ORTOPEDIA OMBRO / COTOVELO
3.07.17.08-6;FRATURA DE CINTURA ESCAPULAR - TRATAMENTO CONSERVADOR ;02B;;;ORTOPEDIA OMBRO / COTOVELO
3.07.17.09-4;FRATURAS E/OU LUXAÇÕES E/OU AVULSÕES - REDUÇÃO INCRUENTA;03A;1;2;ORTOPEDIA OMBRO / COTOVELO
3.07.17.10-8;FRATURAS E/OU LUXAÇÕES E/OU AVULSÕES - TRATAMENTO CIRÚRGICO;07C;2;3;ORTOPEDIA OMBRO / COTOVELO
3.07.17.11-6;LUXAÇÕES CRÔNICAS INVETERADAS E RECIDIVANTES - TRATAMENTO CIRÚRGICO;08C;2;3;ORTOPEDIA OMBRO / COTOVELO
3.07.17.12-4;OSTEOMIELITE AO NÍVEL DA CINTURA ESCAPULAR - TRATAMENTO CIRÚRGICO;06C;2;3;ORTOPEDIA OMBRO / COTOVELO
3.07.17.13-2;PSEUDARTROSES E/OU OSTEOTOMIAS DA CINTURA ESCAPULAR - TRATAMENTO CIRÚRGICO;08C;2;4;ORTOPEDIA OMBRO / COTOVELO
3.07.17.14-0;RESSECÇÃO PARCIAL OU TOTAL DE CLAVÍCULA - TRATAMENTO CIRÚRGICO;08A;1;2;ORTOPEDIA OMBRO / COTOVELO
3.07.17.15-9;REVISÃO CIRÚRGICA DE PRÓTESE DE OMBRO;11A;2;5;ORTOPEDIA OMBRO / COTOVELO
3.07.17.16-7;TRANSFERÊNCIAS MUSCULARES AO NÍVEL DO OMBRO - TRATAMENTO CIRÚRGICO;07C;1;3;ORTOPEDIA OMBRO / COTOVELO
3.07.18.01-5;AMPUTAÇÃO AO NÍVEL DO BRAÇO - TRATAMENTO CIRÚRGICO;08A;1;3;ORTOPEDIA OMBRO / COTOVELO
3.07.18.02-3;BIÓPSIA CIRÚRGICA DO ÚMERO;05B;1;1;ORTOPEDIA OMBRO / COTOVELO
3.07.18.03-1;FIXADOR EXTERNO DINÂMICO COM OU SEM ALONGAMENTO - TRATAMENTO CIRÚRGICO;08B;2;4;ORTOPEDIA OMBRO / COTOVELO
3.07.18.04-0;FRATURA (INCLUINDO DESCOLAMENTO EPIFISÁRIO) - REDUÇÃO INCRUENTA;03B;1;2;ORTOPEDIA OMBRO / COTOVELO
3.07.18.05-8;FRATURA (INCLUINDO DESCOLAMENTO EPIFISÁRIO) - TRATAMENTO CIRÚRGICO;08C;1;4;ORTOPEDIA OMBRO / COTOVELO
3.07.18.06-6;FRATURA DE ÚMERO - TRATAMENTO CONSERVADOR ;02B;;;ORTOPEDIA OMBRO / COTOVELO
3.07.18.07-4;FRATURAS E PSEUDARTROSES - FIXADOR EXTERNO - TRATAMENTO CIRÚRGICO;07A;2;4;ORTOPEDIA OMBRO / COTOVELO
3.07.18.08-2;OSTEOMIELITE DE ÚMERO - TRATAMENTO CIRÚRGICO;08A;1;3;ORTOPEDIA OMBRO / COTOVELO
3.07.18.09-0;PSEUDARTROSES, OSTEOTOMIAS, ALONGAMENTOS/ENCURTAMENTOS - TRATAMENTO CIRÚRGICO;09A;2;4;ORTOPEDIA OMBRO / COTOVELO
3.07.19.01-1;ARTRODESE - TRATAMENTO CIRÚRGICO;08B;1;4;ORTOPEDIA OMBRO / COTOVELO
3.07.19.02-0;ARTROPLASTIA COM IMPLANTE - TRATAMENTO CIRÚRGICO;08B;2;5;ORTOPEDIA OMBRO / COTOVELO
3.07.19.03-8;ARTROPLASTIAS SEM IMPLANTE - TRATAMENTO CIRÚRGICO;06A;1;3;ORTOPEDIA OMBRO / COTOVELO
3.07.19.04-6;ARTROTOMIA DE COTOVELO - TRATAMENTO CIRÚRGICO;05B;1;1;ORTOPEDIA OMBRO / COTOVELO
3.07.19.05-4;BIÓPSIA CIRÚRGICA DE COTOVELO;03B;1;1;ORTOPEDIA OMBRO / COTOVELO
3.07.19.06-2;DESARTICULAÇÃO AO NÍVEL DO COTOVELO - TRATAMENTO CIRÚRGICO;08B;1;3;ORTOPEDIA OMBRO / COTOVELO
3.07.19.07-0;FRATURA DE COTOVELO - TRATAMENTO CONSERVADOR ;02A;;;ORTOPEDIA OMBRO / COTOVELO
3.07.19.08-9;FRATURAS / PSEUDARTROSES / ARTROSES / COM FIXADOR EXTERNO DINÂMICO - TRATAMENTO CIRÚRGICO;07A;2;4;ORTOPEDIA OMBRO / COTOVELO
3.07.19.09-7;FRATURAS E OU LUXAÇÕES - REDUÇÃO INCRUENTA;04A;;2;ORTOPEDIA OMBRO / COTOVELO
3.07.19.10-0;FRATURAS E OU LUXAÇÕES - TRATAMENTO CIRÚRGICO;07C;1;3;ORTOPEDIA OMBRO / COTOVELO
3.07.19.11-9;LESÕES LIGAMENTARES - REDUÇÃO INCRUENTA;03A;;2;ORTOPEDIA OMBRO / COTOVELO
3.07.19.12-7;TENDINITES, SINOVITES E ARTRITES - TRATAMENTO CIRÚRGICO;04B;1;2;ORTOPEDIA OMBRO / COTOVELO
3.07.19.13-5;ARTRODIASTASE - TRATAMENTO CIRÚRGICO COM FIXADOR EXTERNO;07C;1;3;ORTOPEDIA OMBRO / COTOVELO
3.07.20.01-0;ABAIXAMENTO MIOTENDINOSO NO ANTEBRAÇO;06A;1;3;ORTOPEDIA OMBRO / COTOVELO
3.07.20.02-8;ALONGAMENTO DOS OSSOS DO ANTEBRAÇO COM FIXADOR EXTERNO DINÂMICO - TRATAMENTO CIRÚRGICO;07C;2;4;ORTOPEDIA OMBRO / COTOVELO
3.07.20.03-6;AMPUTAÇÃO AO NÍVEL DO ANTEBRAÇO - TRATAMENTO CIRÚRGICO;08B;1;3;ORTOPEDIA OMBRO / COTOVELO
3.07.20.04-4;BIÓPSIA CIRÚRGICA DO ANTEBRAÇO ;03B;1;1;ORTOPEDIA OMBRO / COTOVELO
3.07.20.05-2;CONTRATURA ISQUÊMICA DE VOLKMANN - TRATAMENTO CIRÚRGICO;08A;2;4;ORTOPEDIA OMBRO / COTOVELO
3.07.20.06-0;CORREÇÃO DE DEFORMIDADE ADQUIRIDA DE ANTEBRAÇO COM FIXADOR EXTERNO;06A;2;4;ORTOPEDIA OMBRO / COTOVELO
3.07.20.07-9;ENCURTAMENTO SEGMENTAR DOS OSSOS DO ANTEBRAÇO COM OSTEOSSÍNTESE - TRATAMENTO CIRÚRGICO;06A;2;3;ORTOPEDIA OMBRO / COTOVELO
3.07.20.08-7;FRATURA DO ANTEBRAÇO - TRATAMENTO CONSERVADOR ;02A;;;ORTOPEDIA OMBRO / COTOVELO
3.07.20.09-5;FRATURA E/OU LUXAÇÕES (INCLUINDO DESCOLAMENTO EPIFISÁRIO COTOVELO-PUNHO) - TRATAMENTO CIRÚRGICO;06C;1;3;ORTOPEDIA OMBRO / COTOVELO
3.07.20.10-9;FRATURA E/OU LUXAÇÕES (INCLUINDO DESCOLAMENTO EPIFISÁRIO) - REDUÇÃO INCRUENTA;04A;1;2;ORTOPEDIA OMBRO / COTOVELO
3.07.20.11-7;FRATURA VICIOSAMENTE CONSOLIDADA DE ANTEBRAÇO - TRATAMENTO CIRÚRGICO;07C;2;3;ORTOPEDIA OMBRO / COTOVELO
3.07.20.12-5;OSTEOMIELITE DOS OSSOS DO ANTEBRAÇO - TRATAMENTO CIRÚRGICO;05B;2;2;ORTOPEDIA OMBRO / COTOVELO
3.07.20.13-3;PSEUDARTROSES E OU OSTEOTOMIAS - TRATAMENTO CIRÚRGICO;07C;2;4;ORTOPEDIA OMBRO / COTOVELO
3.07.20.14-1;RESSECÇÃO DA CABEÇA DO RÁDIO E/ OU DA EXTREMIDADE DISTAL ULNA - TRATAMENTO CIRÚRGICO;04C;1;2;ORTOPEDIA OMBRO / COTOVELO
3.07.20.15-0;RESSECÇÃO DO PROCESSO ESTILÓIDE DO RÁDIO - TRATAMENTO CIRÚRGICO;04C;1;2;ORTOPEDIA OMBRO / COTOVELO
3.07.20.16-8;SINOSTOSE RADIO-ULNAR - TRATAMENTO CIRURGICO;06A;1;2;ORTOPEDIA OMBRO / COTOVELO
3.07.20.17-6;TRATAMENTO CIRÚRGICO DE FRATURAS COM FIXADOR EXTERNO;06A;1;4;ORTOPEDIA OMBRO / COTOVELO
3.07.21.01-6;AGENESIA DE RÁDIO (CENTRALIZAÇÃO DA ULNA NO CARPO);09A;2;4;ORTOPEDIA MÃO / PUNHO
3.07.21.02-4;ALONGAMENTO DO RÁDIO/ULNA - TRATAMENTO CIRÚRGICO;08B;2;3;ORTOPEDIA MÃO / PUNHO
3.07.21.03-2;ARTRODESE ENTRE OS OSSOS DO CARPO;04C;1;1;ORTOPEDIA MÃO / PUNHO
3.07.21.04-0;ARTRODESE - FIXADOR EXTERNO;06A;1;3;ORTOPEDIA MÃO / PUNHO
3.07.21.05-9;ARTRODESE RÁDIO-CÁRPICA OU DO PUNHO;07C;1;3;ORTOPEDIA MÃO / PUNHO
3.07.21.06-7;ARTROPLASTIA DO PUNHO (COM IMPLANTE) - TRATAMENTO CIRÚRGICO;08C;1;5;ORTOPEDIA MÃO / PUNHO
3.07.21.07-5;ARTROPLASTIA PARA OSSOS DO CARPO (COM IMPLANTE) - TRATAMENTO CIRÚRGICO;08B;1;3;ORTOPEDIA MÃO / PUNHO
3.07.21.08-3;ARTROTOMIA - TRATAMENTO CIRÚRGICO;03C;1;1;ORTOPEDIA MÃO / PUNHO
3.07.21.09-1;BIOPSIA CIRURGICA DO PUNHO;03B;1;1;ORTOPEDIA MÃO / PUNHO
3.07.21.10-5;COTO DE AMPUTAÇÃO PUNHO E ANTEBRAÇO - REVISÃO;03C;1;1;ORTOPEDIA MÃO / PUNHO
3.07.21.11-3;DESARTICULAÇÃO DO PUNHO - TRATAMENTO CIRÚRGICO;06C;1;3;ORTOPEDIA MÃO / PUNHO
3.07.21.12-1;ENCURTAMENTO RÁDIO/ULNAR;08B;2;3;ORTOPEDIA MÃO / PUNHO
3.07.21.13-0;FRATURA DE PUNHO - TRATAMENTO CONSERVADOR ;02A;;;ORTOPEDIA MÃO / PUNHO
3.07.21.14-8;FRATURA DE OSSO DO CARPO - REDUÇÃO CIRÚRGICA;04C;1;2;ORTOPEDIA MÃO / PUNHO
3.07.21.15-6;FRATURA DO CARPO - REDUÇÃO INCRUENTA;02C;1;1;ORTOPEDIA MÃO / PUNHO
3.07.21.16-4;FRATURAS - FIXADOR EXTERNO;06A;1;3;ORTOPEDIA MÃO / PUNHO
3.07.21.17-2;FRATURAS DO CARPO - TRATAMENTO CONSERVADOR;02C;;;ORTOPEDIA MÃO / PUNHO
3.07.21.18-0;FRATURAS E/OU LUXAÇÕES DO PUNHO - REDUÇÃO INCRUENTA;04A;1;2;ORTOPEDIA MÃO / PUNHO
3.07.21.19-9;FRATURAS E/OU LUXAÇÕES DO PUNHO - TRATAMENTO CIRÚRGICO;06C;1;2;ORTOPEDIA MÃO / PUNHO
3.07.21.20-2;LUXAÇÃO DO CARPO - REDUÇÃO INCRUENTA;02B;;1;ORTOPEDIA MÃO / PUNHO
3.07.21.21-0;PSEUDARTROSES - TRATAMENTO CIRÚRGICO;07B;2;3;ORTOPEDIA MÃO / PUNHO
3.07.21.22-9;RESSECÇÃO DE OSSO DO CARPO - TRATAMENTO CIRÚRGICO;05B;1;2;ORTOPEDIA MÃO / PUNHO
3.07.21.23-7;REPARAÇÃO LIGAMENTAR DO CARPO;05B;1;3;ORTOPEDIA MÃO / PUNHO
3.07.21.24-5;SINOVECTOMIA DE PUNHO - TRATAMENTO CIRÚRGICO;05B;1;2;ORTOPEDIA MÃO / PUNHO
3.07.21.25-3;TRANSPOSIÇÃO DO RÁDIO PARA ULNA;09A;2;4;ORTOPEDIA MÃO / PUNHO
3.07.22.01-2;ABSCESSO DE MÃO E DEDOS - TENOSSINOVITES / ESPAÇOS PALMARES / DORSAIS E COMISSURAIS - TRATAMENTO CIR;03A;1;2;ORTOPEDIA MÃO / PUNHO
3.07.22.03-9;ABSCESSOS DE DEDO (DRENAGEM) - TRATAMENTO CIRÚRGICO;02B;;1;ORTOPEDIA MÃO / PUNHO
3.07.22.04-7;ALONGAMENTO/TRANSPORTE ÓSSEO COM FIXADOR EXTERNO;05A;2;3;ORTOPEDIA MÃO / PUNHO
3.07.22.05-5;ALONGAMENTOS TENDINOSOS DE MÃO;04C;1;2;ORTOPEDIA MÃO / PUNHO
3.07.22.06-3;AMPUTAÇÃO AO NÍVEL DOS METACARPIANOS - TRATAMENTO CIRÚRGICO;05B;1;3;ORTOPEDIA MÃO / PUNHO
3.07.22.07-1;AMPUTAÇÃO DE DEDO (CADA) - TRATAMENTO CIRÚRGICO;03B;1;1;ORTOPEDIA MÃO / PUNHO
3.07.22.08-0;AMPUTAÇÃO TRANSMETACARPIANA;05B;2;3;ORTOPEDIA MÃO / PUNHO
3.07.22.09-8;AMPUTAÇÃO TRANSMETACARPIANA COM TRANSPOSIÇÃO DE DEDO;06A;2;4;ORTOPEDIA MÃO / PUNHO
3.07.22.10-1;APONEVROSE PALMAR (RESSECÇÃO) - TRATAMENTO CIRÚRGICO;05B;1;3;ORTOPEDIA MÃO / PUNHO
3.07.22.10-1;APONEVROSE PALMAR (RESSECÇÃO) - TRATAMENTO CIRÚRGICO;05B;1;3;NEURO / N.PERIF
3.07.22.11-0;ARTRODESE INTERFALANGEANA / METACARPOFALANGEANA - TRATAMENTO CIRÚRGICO;04C;1;1;ORTOPEDIA MÃO / PUNHO
3.07.22.12-8;ARTROPLASTIA COM IMPLANTE NA MÃO (MF E IF) MÚLTIPLA;09B;1;4;ORTOPEDIA MÃO / PUNHO
3.07.22.13-6;ARTROPLASTIA COM IMPLANTE NA MÃO (MF OU IF);09B;1;3;ORTOPEDIA MÃO / PUNHO
3.07.22.14-4;ARTROPLASTIA INTERFALANGEANA / METACARPOFALANGEANA - TRATAMENTO CIRÚRGICO;07C;1;3;ORTOPEDIA MÃO / PUNHO
3.07.22.15-2;ARTROTOMIA AO NÍVEL DA MÃO - TRATAMENTO CIRÚRGICO;03A;1;2;ORTOPEDIA MÃO / PUNHO
3.07.22.16-0;BIÓPSIA CIRÚRGICA DOS OSSOS DA MÃO;03B;1;1;ORTOPEDIA MÃO / PUNHO
3.07.22.17-9;BRIDAS CONGÊNITAS - TRATAMENTO CIRÚRGICO;05B;1;3;ORTOPEDIA MÃO / PUNHO
3.07.22.20-9;CAPSULECTOMIAS MÚLTIPLAS MF OU IF;05B;1;2;ORTOPEDIA MÃO / PUNHO
3.07.22.21-7;CAPSULECTOMIAS ÚNICA MF E IF;03C;1;1;ORTOPEDIA MÃO / PUNHO
3.07.22.22-5;CENTRALIZAÇÃO DA ULNA (TRATAMENTO DA MÃO TORTA RADIAL);08B;2;4;ORTOPEDIA MÃO / PUNHO
3.07.22.23-3;CONTRATURA ISQUÊMICA DE MÃO - TRATAMENTO CIRÚRGICO;06A;1;3;ORTOPEDIA MÃO / PUNHO
3.07.22.24-1;COTO DE AMPUTAÇÃO DIGITAL - REVISÃO;03B;1;1;ORTOPEDIA MÃO / PUNHO
3.07.22.25-0;DEDO COLO DE CISNE - TRATAMENTO CIRÚRGICO;05B;2;2;ORTOPEDIA MÃO / PUNHO
3.07.22.26-8;DEDO EM BOTOEIRA - TRATAMENTO CIRÚRGICO;05B;2;2;ORTOPEDIA MÃO / PUNHO
3.07.22.27-6;DEDO EM GATILHO, CAPSULOTOMIA / FASCIOTOMIA - TRATAMENTO CIRÚRGICO;03C;1;1;ORTOPEDIA MÃO / PUNHO
3.07.22.28-4;DEDO EM MARTELO - TRATAMENTO CIRÚRGICO;04C;1;2;ORTOPEDIA MÃO / PUNHO
3.07.22.29-2;DEDO EM MARTELO - TRATAMENTO CONSERVADOR ;03B;;;ORTOPEDIA MÃO / PUNHO
3.07.22.30-6;ENXERTO ÓSSEO (PERDA DE SUBSTÂNCIA) - TRATAMENTO CIRÚRGICO;06A;1;3;ORTOPEDIA MÃO / PUNHO
3.07.22.31-4;EXPLORAÇÃO CIRÚRGICA DE TENDÃO DE MÃO;02B;1;1;ORTOPEDIA MÃO / PUNHO
3.07.22.32-2;FALANGIZAÇÃO;09A;1;3;ORTOPEDIA MÃO / PUNHO
3.07.22.33-0;FIXADOR EXTERNO EM CIRURGIA DA MÃO;04C;1;2;ORTOPEDIA MÃO / PUNHO
3.07.22.34-9;FRATURA DE FALANGE - TRATAMENTO CONSERVADOR;02C;;;ORTOPEDIA MÃO / PUNHO
3.07.22.35-7;FRATURA DE BENNETT - REDUÇÃO INCRUENTA;01B;;1;ORTOPEDIA MÃO / PUNHO
3.07.22.36-5;FRATURA DE BENNETT - TRATAMENTO CIRÚRGICO;04C;1;2;ORTOPEDIA MÃO / PUNHO
3.07.22.37-3;FRATURA DE OSSO DA MÃO - TRATAMENTO CONSERVADOR ;02A;;;ORTOPEDIA MÃO / PUNHO
3.07.22.38-1;FRATURA DO METACARPIANO - TRATAMENTO CONSERVADOR;02B;;;ORTOPEDIA MÃO / PUNHO
3.07.22.39-0;FRATURA/ARTRODESE COM FIXADOR EXTERNO;03C;1;3;ORTOPEDIA MÃO / PUNHO
3.07.22.40-3;FRATURAS DE FALANGES OU METACARPIANOS - REDUÇÃO INCRUENTA;01C;;1;ORTOPEDIA MÃO / PUNHO
3.07.22.41-1;FRATURAS DE FALANGES OU METACARPIANOS - TRATAMENTO CIRÚRGICO C/ FIXAÇÃO;04C;1;1;ORTOPEDIA MÃO / PUNHO
3.07.22.42-0;FRATURAS E/OU LUXAÇÕES DE FALANGES (INTERFALANGEANAS) - REDUÇÃO INCRUENTA;02B;;1;ORTOPEDIA MÃO / PUNHO
3.07.22.43-8;FRATURAS E/OU LUXAÇÕES DE FALANGES (INTERFALANGEANAS) - TRATAMENTO CIRÚRGICO;04C;1;2;ORTOPEDIA MÃO / PUNHO
3.07.22.44-6;FRATURAS E/OU LUXAÇÕES DE METACARPIANOS - REDUÇÃO INCRUENTA;02B;;1;ORTOPEDIA MÃO / PUNHO
3.07.22.45-4;GIGANTISMO AO NÍVEL DA MÃO - TRATAMENTO CIRÚRGICO;09A;2;3;ORTOPEDIA MÃO / PUNHO
3.07.22.46-2;LESÕES LIGAMENTARES AGUDAS DA MÃO - REPARAÇÃO CIRÚRGICA;05B;1;1;ORTOPEDIA MÃO / PUNHO
3.07.22.47-0;LESÕES LIGAMENTARES CRÔNICAS DA MÃO - REPARAÇÃO CIRÚRGICA;05B;1;2;ORTOPEDIA MÃO / PUNHO
3.07.22.48-9;LIGAMENTOPLASTIA COM ÂNCORA;06A;1;4;ORTOPEDIA MÃO / PUNHO
3.07.22.49-7;LUXAÇÃO METACARPOFALANGEANA - REDUÇÃO INCRUENTA;02C;;1;ORTOPEDIA MÃO / PUNHO
3.07.22.50-0;LUXAÇÃO METACARPOFALANGEANA - TRATAMENTO CIRÚRGICO;03C;1;1;ORTOPEDIA MÃO / PUNHO
3.07.22.51-9;OSTEOMIELITE AO NÍVEL DA MÃO - TRATAMENTO CIRÚRGICO;03B;1;2;ORTOPEDIA MÃO / PUNHO
3.07.22.52-7;OSTEOSSÍNTESE DE FRATURA DE FALANGE E METACARPEANA COM FIXAÇÃO EXTERNA;05B;1;3;ORTOPEDIA MÃO / PUNHO
3.07.22.53-5;OSTEOSSÍNTESE DE FRATURA DE FALANGE E METACARPEANA COM USO DE MINIPARAFUSO;05B;1;3;ORTOPEDIA MÃO / PUNHO
3.07.22.54-3;PERDA DE SUBSTÂNCIA DA MÃO (REPARAÇÃO) - TRATAMENTO CIRÚRGICO;03C;1;2;ORTOPEDIA MÃO / PUNHO
3.07.22.55-1;PLÁSTICA UNGUEAL;04C;1;2;ORTOPEDIA MÃO / PUNHO
3.07.22.56-0;POLICIZAÇÃO OU TRANSFERÊNCIA DIGITAL;09A;2;5;ORTOPEDIA MÃO / PUNHO
3.07.22.57-8;POLIDACTILIA ARTICULADA - TRATAMENTO CIRÚRGICO;04C;1;2;ORTOPEDIA MÃO / PUNHO
3.07.22.58-6;POLIDACTILIA NÃO ARTICULADA - TRATAMENTO CIRÚRGICO;03A;1;1;ORTOPEDIA MÃO / PUNHO
3.07.22.59-4;PRÓTESE (IMPLANTE) PARA OSSOS DO CARPO;06A;2;3;ORTOPEDIA MÃO / PUNHO
3.07.22.60-8;PSEUDARTROSE COM PERDA DE SUBSTÂNCIAS DE METACARPIANO E FALANGES;06A;1;3;ORTOPEDIA MÃO / PUNHO
3.07.22.61-6;PSEUDARTROSE DO ESCAFÓIDE - TRATAMENTO CIRÚRGICO;08A;2;3;ORTOPEDIA MÃO / PUNHO
3.07.22.62-4;PSEUDARTROSE DOS OSSOS DA MÃO - TRATAMENTO CIRÚRGICO;03C;1;3;ORTOPEDIA MÃO / PUNHO
3.07.22.63-2;RECONSTRUÇÃO DA FALANGE COM RETALHO HOMODIGITAL;09B;1;3;ORTOPEDIA MÃO / PUNHO
3.07.22.64-0;RECONSTRUÇÃO DE LEITO UNGUEAL;05B;1;1;ORTOPEDIA MÃO / PUNHO
3.07.22.65-9;RECONSTRUÇÃO DO POLEGAR COM RETALHO ILHADO OSTEOCUTÂNEO ANTEBRAQUIAL;10A;2;4;ORTOPEDIA MÃO / PUNHO
3.07.22.66-7;REIMPLANTE DE DOIS DEDOS DA MÃO (POR CADA DEDO ADICIONAL REIMPLANTADO SERÁ ADICIONADO O PORTE 3B);13A;3;6;ORTOPEDIA MÃO / PUNHO
3.07.22.67-5;REIMPLANTE DO MEMBRO SUPERIOR NÍVEL TRANSMETACARPIANO ATÉ O TERÇO DISTAL DO ANTEBRAÇO;13A;3;6;ORTOPEDIA MÃO / PUNHO
3.07.22.68-3;REIMPLANTE DO POLEGAR;13A;3;6;ORTOPEDIA MÃO / PUNHO
3.07.22.69-1;REPARAÇÕES CUTÂNEAS COM RETALHO ILHADO ANTEBRAQUIAL INVERTIDO;09B;2;3;ORTOPEDIA MÃO / PUNHO
3.07.22.70-5;RESSECÇÃO 1ª FILEIRA DOS OSSOS DO CARPO;06A;1;1;ORTOPEDIA MÃO / PUNHO
3.07.22.71-3;RESSECÇÃO DE CISTO SINOVIAL;03B;1;1;ORTOPEDIA MÃO / PUNHO
3.07.22.72-1;RETRAÇÃO CICATRICIAL DE MAIS DE UM DEDO, SEM COMPROMETIMENTO TENDINOSO - TRATAMENTO CIRÚRGICO;05A;1;2;ORTOPEDIA MÃO / PUNHO
3.07.22.73-0;RETRAÇÃO CICATRICIAL DE UM DEDO SEM COMPROMETIMENTO TENDINOSO - TRATAMENTO CIRÚRGICO;03C;1;2;ORTOPEDIA MÃO / PUNHO
3.07.22.74-8;RETRAÇÃO CICATRICIAL DOS DEDOS COM LESÃO TENDÍNEA - TRATAMENTO CIRÚRGICO;05B;1;3;ORTOPEDIA MÃO / PUNHO
3.07.22.75-6;REVASCULARIZAÇÃO DO POLEGAR OU OUTRO DEDO (POR CADA DEDO ADICIONAL REVASCULARIZADO SERÁ ADICIO;13A;3;6;ORTOPEDIA MÃO / PUNHO
3.07.22.76-4;ROTURAS DO APARELHO EXTENSOR DE DEDO - REDUÇÃO INCRUENTA;01C;;1;ORTOPEDIA MÃO / PUNHO
3.07.22.77-2;ROTURAS TENDINO-LIGAMENTARES DA MÃO (MAIS QUE 1) - TRATAMENTO CIRÚRGICO;03C;1;1;ORTOPEDIA MÃO / PUNHO
3.07.22.78-0;SEQUESTRECTOMIAS;02B;1;2;ORTOPEDIA MÃO / PUNHO
3.07.22.79-9;SINDACTILIA DE 2 DÍGITOS - TRATAMENTO CIRÚRGICO;05B;2;3;ORTOPEDIA MÃO / PUNHO
3.07.22.80-2;SINDACTILIA MÚLTIPLA - TRATAMENTO CIRÚRGICO;08B;2;4;ORTOPEDIA MÃO / PUNHO
3.07.22.81-0;SINOVECTOMIA DA MÃO (1 ARTICULAÇÃO);03A;1;1;ORTOPEDIA MÃO / PUNHO
3.07.22.82-9;SINOVECTOMIA DA MÃO (MÚLTIPLAS);05B;1;3;ORTOPEDIA MÃO / PUNHO
3.07.22.84-5;TRANSPOSIÇÃO DE DEDO - TRATAMENTO CIRÚRGICO;09A;2;4;ORTOPEDIA MÃO / PUNHO
3.07.22.85-3;TRATAMENTO CIRÚRGICO DA POLIDACTILIA MÚLTIPLA E/OU COMPLEXA;09B;1;4;ORTOPEDIA MÃO / PUNHO
3.07.22.86-1;TRATAMENTO CIRÚRGICO DA SINDACTILIA MÚLTIPLA COM EMPREGO DE EXPANSOR - POR ESTÁGIO;09A;1;4;ORTOPEDIA MÃO / PUNHO
3.07.22.87-0;TRATAMENTO DA DOENÇA DE KIEMBUCK COM TRANSPLANTE VASCULARIZADO;05B;2;5;ORTOPEDIA MÃO / PUNHO
3.07.22.88-8;TRATAMENTO DA PSEUDOARTROSE DO ESCAFÓIDE COM TRANSPLANTE ÓSSEO VASCULARIZADO E FIXAÇÃO COM MICRO PAR;10A;2;5;ORTOPEDIA MÃO / PUNHO
3.07.23.01-9;BIOPSIA CIRURGICA AO NIVEL DA PELVE;03B;1;1;ORTOPEDIA QUADRIL
3.07.23.02-7;DESARTICULAÇÃO INTERÍLIO ABDOMINAL - TRATAMENTO CIRÚRGICO;11A;2;4;ORTOPEDIA QUADRIL
3.07.23.03-5;FRATURA DA CINTURA PÉLVICA - TRATAMENTO CONSERVADOR;02A;;;ORTOPEDIA QUADRIL
3.07.23.04-3;FRATURA/LUXAÇÃO COM FIXADOR EXTERNO - TRATAMENTO CIRÚRGICO;08A;2;4;ORTOPEDIA QUADRIL
3.07.23.05-1;FRATURAS E/OU LUXAÇÕES DO ANEL PÉLVICO (COM UMA OU MAIS ABORDAGENS) - TRATAMENTO CIRÚRGICO;09C;2;5;ORTOPEDIA QUADRIL
3.07.23.06-0;FRATURAS E/OU LUXAÇÕES DO ANEL PÉLVICO - REDUÇÃO INCRUENTA;02C;;3;ORTOPEDIA QUADRIL
3.07.23.07-8;OSTEOMIELITE AO NÍVEL DA PELVE - TRATAMENTO CIRÚRGICO;08A;2;3;ORTOPEDIA QUADRIL
3.07.23.08-6;OSTEOTOMIAS / ARTRODESES - TRATAMENTO CIRÚRGICO;09A;2;4;ORTOPEDIA QUADRIL
3.07.24.01-5;ARTRITE SÉPTICA - TRATAMENTO CIRÚRGICO;07A;1;4;ORTOPEDIA QUADRIL
3.07.24.02-3;ARTRODESE / FRATURA DE ACETÁBULO (LIGAMENTOTAXIA) COM FIXADOR EXTERNO;08B;1;5;ORTOPEDIA QUADRIL
3.07.24.03-1;ARTRODESE COXO-FEMORAL EM GERAL - TRATAMENTO CIRÚRGICO;09B;2;5;ORTOPEDIA QUADRIL
3.07.24.04-0;ARTRODIASTASE DE QUADRIL;07C;1;5;ORTOPEDIA QUADRIL
3.07.24.05-8;ARTROPLASTIA TOTAL COXO- FEMORAL;11C;3;6;ORTOPEDIA QUADRIL
3.07.24.06-6;ARTROPLASTIA DE QUADRIL INFECTADA (RETIRADA DOS COMPONENTES) - TRATAMENTO CIRÚRGICO;09B;2;4;ORTOPEDIA QUADRIL
3.07.24.07-4;ARTROPLASTIA DE RESSECÇÃO DO QUADRIL (GIRDLESTONE) - TRATAMENTO CIRÚRGICO;08C;2;4;ORTOPEDIA QUADRIL
3.07.24.08-2;ARTROPLASTIA PARCIAL DO QUADRIL (TIPO THOMPSON OU QUALQUER TÉCNICA) - TRATAMENTO CIRÚRGICO;08C;2;5;ORTOPEDIA QUADRIL
3.07.24.09-0;ARTROPLASTIA TOTAL DE QUADRIL INFECTADA (INCISÃO E DRENAGEM ARTRITE SÉPTICA) - TRATAMENTO CIRÚRGICO;07C;1;3;ORTOPEDIA QUADRIL
3.07.24.10-4;ARTROTOMIA COXO-FEMORAL - TRATAMENTO CIRÚRGICO;07B;1;2;ORTOPEDIA QUADRIL
3.07.24.11-2;BIÓPSIA CIRÚRGICA COXO-FEMORAL;07A;1;2;ORTOPEDIA QUADRIL
3.07.24.12-0;DESARTICULAÇÃO COXO-FEMORAL - TRATAMENTO CIRÚRGICO;09A;2;5;ORTOPEDIA QUADRIL
3.07.24.13-9;EPIFISIODESE C/ ABAIXAMENTO DO GRANDE TROCANTER - TRATAMENTO CIRÚRGICO;07C;1;3;ORTOPEDIA QUADRIL
3.07.24.14-7;"EPIFISIOLISTESE PROXIMAL DE FÊMUR (FIXAÇÃO ""IN SITU"") - TRATAMENTO CIRÚRGICO";08A;1;3;ORTOPEDIA QUADRIL
3.07.24.15-5;FRATURA DE ACETÁBULO (COM UMA OU MAIS ABORDAGENS) - TRATAMENTO CIRÚRGICO;10C;2;5;ORTOPEDIA QUADRIL
3.07.24.16-3;FRATURA DE ACETÁBULO - REDUÇÃO INCRUENTA;04C;1;2;ORTOPEDIA QUADRIL
3.07.24.17-1;FRATURA E/OU LUXAÇÃO E/OU AVULSÃO COXO-FEMORAL - REDUÇÃO INCRUENTA;03B;1;2;ORTOPEDIA QUADRIL
3.07.24.18-0;FRATURA E/OU LUXAÇÃO E/OU AVULSÃO COXO-FEMORAL - TRATAMENTO CIRÚRGICO;09A;2;5;ORTOPEDIA QUADRIL
3.07.24.19-8;LUXAÇÃO CONGÊNITA DE QUADRIL (REDUÇÃO CIRÚRGICA E OSTEOTOMIA) - TRATAMENTO CIRÚRGICO;09B;2;5;ORTOPEDIA QUADRIL
3.07.24.20-1;LUXAÇÃO CONGÊNITA DE QUADRIL (REDUÇÃO CIRÚRGICA SIMPLES) - TRATAMENTO CIRÚRGICO;08B;2;4;ORTOPEDIA QUADRIL
3.07.24.21-0;LUXAÇÃO CONGÊNITA DE QUADRIL (REDUÇÃO INCRUENTA COM OU SEM TENOTOMIA DE ADUTORES);07C;1;3;ORTOPEDIA QUADRIL
3.07.24.22-8;OSTEOTOMIA - FIXADOR EXTERNO;07C;2;5;ORTOPEDIA QUADRIL
3.07.24.23-6;OSTEOTOMIAS AO NÍVEL DO COLO OU REGIÃO TROCANTERIANA (SUGIOKA, MARTIN, BOMBELLI ETC) - TRATAMEN;09A;2;5;ORTOPEDIA QUADRIL
3.07.24.24-4;"OSTEOTOMIAS SUPRA-ACETABULARES (CHIARI, PEMBERTON, ""DIAL"", ETC) - TRATAMENTO CIRÚRGICO";08C;2;5;ORTOPEDIA QUADRIL
3.07.24.25-2;PUNÇÃO-BIÓPSIA COXO-FEMORAL-ARTROCENTESE;03C;1;1;ORTOPEDIA QUADRIL
3.07.24.26-0;RECONSTRUÇÃO DE QUADRIL COM FIXADOR EXTERNO;07C;2;6;ORTOPEDIA QUADRIL
3.07.24.27-9;REVISÃO DE ARTROPLASTIAS DE QUADRIL;12A;2;7;ORTOPEDIA QUADRIL
3.07.24.28-7;TRATAMENTO DE NECROSE AVASCULAR POR FORAGEM DE ESTAQUEAMENTO ASSOCIADA À NECROSE MICROCIRÚRGICA;08B;3;5;ORTOPEDIA QUADRIL
3.07.25.01-1;ALONGAMENTO / TRANSPORTE ÓSSEO / PSEUDOARTROSE COM FIXADOR EXTERNO;08B;2;5;ORTOPEDIA QUADRIL
3.07.25.02-0;ALONGAMENTO DE FÊMUR - TRATAMENTO CIRÚRGICO;08A;2;4;ORTOPEDIA QUADRIL
3.07.25.03-8;AMPUTAÇÃO AO NÍVEL DA COXA - TRATAMENTO CIRÚRGICO;08B;2;3;ORTOPEDIA QUADRIL
3.07.25.04-6;BIÓPSIA CIRÚRGICA DE FÊMUR;03C;1;1;ORTOPEDIA QUADRIL
3.07.25.05-4;CORREÇÃO DE DEFORMIDADE ADQUIRIDA DE FÊMUR COM FIXADOR EXTERNO;08B;2;4;ORTOPEDIA QUADRIL
3.07.25.06-2;DESCOLAMENTO EPIFISÁRIO (TRAUMÁTICO OU NÃO) - REDUÇÃO INCRUENTA;03A;1;1;ORTOPEDIA QUADRIL
3.07.25.07-0;DESCOLAMENTO DA EPIFISE FEMORAL - CIRURGIA;09A;2;4;ORTOPEDIA QUADRIL
3.07.25.08-9;ENCURTAMENTO DE FÊMUR - TRATAMENTO CIRÚRGICO;08A;2;4;ORTOPEDIA QUADRIL
3.07.25.09-7;EPIFISIODESE (POR SEGMENTO) - TRATAMENTO CIRÚRGICO;04C;1;2;ORTOPEDIA QUADRIL
3.07.25.10-0;FRATURA DE FÊMUR - TRATAMENTO CONSERVADOR ;03A;;;ORTOPEDIA QUADRIL
3.07.25.11-9;FRATURAS DE FÊMUR - REDUÇÃO INCRUENTA;04C;1;2;ORTOPEDIA QUADRIL
3.07.25.12-7;FRATURAS DE FÊMUR - TRATAMENTO CIRÚRGICO;08B;2;5;ORTOPEDIA QUADRIL
3.07.25.13-5;FRATURAS, PSEUDARTROSES, CORREÇÃO DE DEFORMIDADES E ALONGAMENTOS COM FIXADOR EXTERNO DINÂMICO -;08B;2;4;ORTOPEDIA QUADRIL
3.07.25.14-3;OSTEOMIELITE DE FÊMUR - TRATAMENTO CIRÚRGICO;09C;2;4;ORTOPEDIA QUADRIL
3.07.25.15-1;PSEUDARTROSES E/OU OSTEOTOMIAS - TRATAMENTO CIRÚRGICO;09C;2;5;ORTOPEDIA QUADRIL
3.07.25.16-0;TRATAMENTO CIRÚRGICO DE FRATURAS COM FIXADOR EXTERNO;08A;2;4;ORTOPEDIA QUADRIL
3.07.26.01-8;ARTRITE SÉPTICA - TRATAMENTO CIRÚRGICO;07A;1;3;ORTOPEDIA JOELHO
3.07.26.02-6;ARTRODESE DE JOELHO - TRATAMENTO CIRÚRGICO;08A;2;4;ORTOPEDIA JOELHO
3.07.26.03-4;ARTROPLASTIA TOTAL DE JOELHO COM IMPLANTES - TRATAMENTO CIRÚRGICO;10B;2;6;ORTOPEDIA JOELHO
3.07.26.04-2;ARTROTOMIA DO JOELHO;07A;1;2;ORTOPEDIA JOELHO
3.07.26.05-0;BIOPSIA CIRURGICA DO JOELHO;03C;1;2;ORTOPEDIA JOELHO
3.07.26.06-9;DESARTICULAÇÃO DE JOELHO - TRATAMENTO CIRÚRGICO;08B;2;3;ORTOPEDIA JOELHO
3.07.26.07-7;EPIFISITES E TENDINITES - TRATAMENTO CIRÚRGICO;08A;1;3;ORTOPEDIA JOELHO
3.07.26.08-5;FRATURA DE JOELHO - TRATAMENTO CONSERVADOR ;02C;;;ORTOPEDIA JOELHO
3.07.26.09-3;FRATURA E/OU LUXAÇÃO DE PATELA (INCLUSIVE OSTEOCONDRAL) - REDUÇÃO INCRUENTA;03A;1;1;ORTOPEDIA JOELHO
3.07.26.10-7;FRATURA E/OU LUXAÇÃO DE PATELA - TRATAMENTO CIRÚRGICO;07B;1;3;ORTOPEDIA JOELHO
3.07.26.11-5;FRATURAS E/OU LUXAÇÕES AO NÍVEL DO JOELHO - REDUÇÃO INCRUENTA;02C;1;2;ORTOPEDIA JOELHO
3.07.26.12-3;FRATURAS E/OU LUXAÇÕES AO NÍVEL DO JOELHO - TRATAMENTO CIRÚRGICO;08B;2;3;ORTOPEDIA JOELHO
3.07.26.13-1;LESÃO AGUDA DE LIGAMENTO COLATERAL, ASSOCIADA A LIGAMENTO CRUZADO E MENISCO - TRATAMENTO CIRÚRGICO;08B;2;4;ORTOPEDIA JOELHO
3.07.26.14-0;LESÕES AGUDAS E/OU LUXAÇÕES DE MENISCOS (1 OU AMBOS) - TRATAMENTO CIRÚRGICO;08A;1;4;ORTOPEDIA JOELHO
3.07.26.15-8;LESÕES COMPLEXAS DE JOELHO (FRATURA COM LESÃO LIGAMENTAR E MENISCAL) - TRATAMENTO CIRÚRGICO;08A;2;5;ORTOPEDIA JOELHO
3.07.26.16-6;LESÕES INTRÍNSECAS JOELHO (LESÕES CONDRAIS, OSTEOCONDRITE DISSECANTE, PLICA PATOLÓGICA, CORPOS LIV;08B;1;3;ORTOPEDIA JOELHO
3.07.26.17-4;LESÕES LIGAMENTARES AGUDAS - TRATAMENTO INCRUENTO;02C;1;1;ORTOPEDIA JOELHO
3.07.26.18-2;LESÕES LIGAMENTARES AGUDAS - TRATAMENTO CIRÚRGICO;08A;2;4;ORTOPEDIA JOELHO
3.07.26.19-0;LESÕES LIGAMENTARES PERIFÉRICAS CRÔNICAS - TRATAMENTO CIRÚRGICO;09B;2;3;ORTOPEDIA JOELHO
3.07.26.20-4;LIBERAÇÃO LATERAL E FACECTOMIAS - TRATAMENTO CIRÚRGICO;08A;1;4;ORTOPEDIA JOELHO
3.07.26.21-2;MENISCORRAFIA - TRATAMENTO CIRÚRGICO;07A;1;3;ORTOPEDIA JOELHO
3.07.26.22-0;OSTEOTOMIAS AO NÍVEL DO JOELHO - TRATAMENTO CIRÚRGICO;08B;2;3;ORTOPEDIA JOELHO
3.07.26.23-9;REALINHAMENTOS DO APARELHO EXTENSOR - TRATAMENTO CIRÚRGICO;07B;1;3;ORTOPEDIA JOELHO
3.07.26.24-7;RECONSTRUÇÕES LIGAMENTARES DO PIVOT CENTRAL - TRATAMENTO CIRÚRGICO;09A;2;4;ORTOPEDIA JOELHO
3.07.26.25-5;REVISÕES DE ARTROPLASTIA TOTAL - TRATAMENTO CIRÚRGICO;09C;2;6;ORTOPEDIA JOELHO
3.07.26.26-3;REVISÕES DE REALINHAMENTOS DO APARELHO EXTENSOR - TRATAMENTO CIRÚRGICO;09A;2;3;ORTOPEDIA JOELHO
3.07.26.27-1;REVISÕES DE RECONSTRUÇÕES INTRA-ARTICULARES - TRATAMENTO CIRÚRGICO;09A;2;3;ORTOPEDIA JOELHO
3.07.26.28-0;TOALETE CIRÚRGICA - CORREÇÃO DE JOELHO FLEXO - TRATAMENTO CIRÚRGICO;07B;1;3;ORTOPEDIA JOELHO
3.07.26.29-8;TRANSPLANTES HOMÓLOGOS AO NÍVEL DO JOELHO - TRATAMENTO CIRÚRGICO;09A;2;3;ORTOPEDIA JOELHO
3.07.26.30-1;TRATAMENTO CIRÚRGICO DE LUXAÇÕES / ARTRODESE / CONTRATURAS COM FIXADOR EXTERNO;08A;2;4;ORTOPEDIA JOELHO
3.07.27.01-4;ALONGAMENTO / TRANSPORTE ÓSSEO / PSEUDOARTROSE COM FIXADOR EXTERNO;07C;2;5;ORTOPEDIA JOELHO
3.07.27.02-2;ALONGAMENTO COM FIXADOR DINÂMICO - TRATAMENTO CIRÚRGICO;08A;2;4;ORTOPEDIA JOELHO
3.07.27.03-0;ALONGAMENTO DOS OSSOS DA PERNA - TRATAMENTO CIRÚRGICO;08A;2;4;ORTOPEDIA JOELHO
3.07.27.04-9;AMPUTAÇÃO DE PERNA - TRATAMENTO CIRÚRGICO;07C;1;3;ORTOPEDIA JOELHO
3.07.27.05-7;BIÓPSIA CIRÚRGICA DE TÍBIA OU FÍBULA;03C;1;1;ORTOPEDIA JOELHO
3.07.27.06-5;CORREÇÃO DE DEFORMIDADE ADQUIRIDA DE TÍBIA COM FIXADOR EXTERNO;08A;2;4;ORTOPEDIA JOELHO
3.07.27.07-3;CORREÇÃO DE DEFORMIDADES CONGÊNITAS NA PERNA COM FIXADOR EXTERNO;08C;2;4;ORTOPEDIA JOELHO
3.07.27.08-1;ENCURTAMENTO DOS OSSOS DA PERNA - TRATAMENTO CIRÚRGICO;08A;2;3;ORTOPEDIA JOELHO
3.07.27.09-0;EPIFISIODESE DE TÍBIA / FÍBULA - TRATAMENTO CIRÚRGICO;06A;1;2;ORTOPEDIA JOELHO
3.07.27.10-3;FRATURA DE OSSO DA PERNA - TRATAMENTO CONSERVADOR;02B;;;ORTOPEDIA JOELHO
3.07.27.11-1;FRATURAS DE FÍBULA (INCLUI O DESCOLAMENTO EPIFISÁRIO) - TRATAMENTO CIRÚRGICO;07C;1;3;ORTOPEDIA JOELHO
3.07.27.12-0;FRATURA DA FIBULA - TRATAMENTO CONSERVADOR;03A;1;3;ORTOPEDIA JOELHO
3.07.27.13-8;FRATURA TIBIA C/ OU SEM FIBULA - CIRURGIA;09A;2;4;ORTOPEDIA JOELHO
3.07.27.14-6;FRATURAS DE TÍBIA E FÍBULA (INCLUI DESCOLAMENTO EPIFISÁRIO) - REDUÇÃO INCRUENTA;03A;1;3;ORTOPEDIA JOELHO
3.07.27.15-4;OSTEOMIELITE DOS OSSOS DA PERNA - TRATAMENTO CIRÚRGICO;06A;1;2;ORTOPEDIA JOELHO
3.07.27.16-2;OSTEOTOMIAS E/OU PSEUDARTROSES - TRATAMENTO CIRÚRGICO;09A;2;3;ORTOPEDIA JOELHO
3.07.27.17-0;TRANSPOSIÇÃO DE FÍBULA/TÍBIA - TRATAMENTO CIRÚRGICO;08C;2;4;ORTOPEDIA JOELHO
3.07.27.18-9;TRATAMENTO CIRÚRGICO DE FRATURAS DE TÍBIA COM FIXADOR EXTERNO;06A;2;4;ORTOPEDIA JOELHO
3.07.28.01-0;AMPUTAÇÃO AO NÍVEL DO TORNOZELOELO - TRATAMENTO CIRÚRGICO;07C;1;3;ORTOPEDIA PÉ / TORNOZELO
3.07.28.02-9;ARTRITE OU OSTEOARTRITE - TRATAMENTO CIRÚRGICO;06A;1;2;ORTOPEDIA PÉ / TORNOZELO
3.07.28.03-7;ARTRODESE (COM OU SEM ALONGAMENTO SIMULTÂNEO) COM FIXADOR EXTERNO;08C;2;4;ORTOPEDIA PÉ / TORNOZELO
3.07.28.04-5;ARTRODESE AO NÍVEL DO TORNOZELOELO - TRATAMENTO CIRÚRGICO;08C;1;3;ORTOPEDIA PÉ / TORNOZELO
3.07.28.05-3;ARTROPLASTIA DE TORNOZELOELO (COM IMPLANTE) - TRATAMENTO CIRÚRGICO;09B;2;5;ORTOPEDIA PÉ / TORNOZELO
3.07.28.06-1;ARTRORRISE DO TORNOZELOELO - TRATAMENTO CIRÚRGICO;08A;1;3;ORTOPEDIA PÉ / TORNOZELO
3.07.28.07-0;ARTROTOMIA DE TORNOZELOELO - TRATAMENTO CIRÚRGICO;06C;1;2;ORTOPEDIA PÉ / TORNOZELO
3.07.28.08-8;BIÓPSIA CIRÚRGICA DO TORNOZELOELO;03C;1;1;ORTOPEDIA PÉ / TORNOZELO
3.07.28.09-6;FRATURA DE TORNOZELOELO - TRATAMENTO CONSERVADOR;02A;;;ORTOPEDIA PÉ / TORNOZELO
3.07.28.10-0;FRATURAS / PSEUDARTROSES / ARTROSES / COM FIXADOR EXTERNO DINÂMICO - TRATAMENTO CIRÚRGICO;08B;2;4;ORTOPEDIA PÉ / TORNOZELO
3.07.28.11-8;FRATURAS E/OU LUXAÇÕES AO NÍVEL DO TORNOZELOELO - REDUÇÃO INCRUENTA;03A;1;1;ORTOPEDIA PÉ / TORNOZELO
3.07.28.12-6;FRATURAS E/OU LUXAÇÕES AO NÍVEL DO TORNOZELOELO - TRATAMENTO CIRÚRGICO;08C;2;3;ORTOPEDIA PÉ / TORNOZELO
3.07.28.13-4;LESÕES LIGAMENTARES AGUDAS AO NÍVEL DO TORNOZELOELO - REDUÇÃO INCRUENTA;03A;1;1;ORTOPEDIA PÉ / TORNOZELO
3.07.28.14-2;LESÕES LIGAMENTARES AGUDAS AO NÍVEL DO TORNOZELOELO - TRATAMENTO CIRÚRGICO;08C;1;3;ORTOPEDIA PÉ / TORNOZELO
3.07.28.15-0;LESÕES LIGAMENTARES CRÔNICAS AO NÍVEL DO TORNOZELOELO - TRATAMENTO CIRÚRGICO;07C;1;3;ORTOPEDIA PÉ / TORNOZELO
3.07.28.16-9;OSTEOCONDRITE DE TORNOZELOELO - TRATAMENTO CIRÚRGICO;07B;1;3;ORTOPEDIA PÉ / TORNOZELO
3.07.28.17-7;PSEUDARTROSES OU OSTEOTOMIAS - TRATAMENTO CIRÚRGICO;08B;2;3;ORTOPEDIA PÉ / TORNOZELO
3.07.29.01-7;AMPUTAÇÃO AO NÍVEL DO PÉ - TRATAMENTO CIRÚRGICO;07C;1;3;ORTOPEDIA PÉ / TORNOZELO
3.07.29.02-5;AMPUTAÇÃO/DESARTICULAÇÃO DE PODODÁCTILOS (POR SEGMENTO) - TRATAMENTO CIRÚRGICO;04C;1;1;ORTOPEDIA PÉ / TORNOZELO
3.07.29.03-3;ARTRITE OU OSTEOARTRITE DOS OSSOS DO PÉ (INCLUI OSTEOMIELITE) - TRATAMENTO CIRÚRGICO;03C;1;2;ORTOPEDIA PÉ / TORNOZELO
3.07.29.04-1;ARTRODESE DE TARSO E/OU MÉDIO PÉ - TRATAMENTO CIRÚRGICO;08A;1;3;ORTOPEDIA PÉ / TORNOZELO
3.07.29.05-0;ARTRODESE METATARSO - FALÂNGICA OU INTERFALÂNGICA - TRATAMENTO CIRÚRGICO;06A;1;2;ORTOPEDIA PÉ / TORNOZELO
3.07.29.06-8;BIÓPSIA CIRÚRGICA DOS OSSOS DO PÉ;03B;1;1;ORTOPEDIA PÉ / TORNOZELO
3.07.29.08-4;CORREÇÃO DE DEFORMIDADES DO PÉ COM FIXADOR EXTERNO DINÂMICO - TRATAMENTO CIRÚRGICO;06A;1;4;ORTOPEDIA PÉ / TORNOZELO
3.07.29.09-2;CORREÇÃO DE PÉ TORTO CONGÊNITO COM FIXADOR EXTERNO;06A;2;3;ORTOPEDIA PÉ / TORNOZELO
3.07.29.10-6;DEFORMIDADE DOS DEDOS - TRATAMENTO CIRÚRGICO;03C;1;2;ORTOPEDIA PÉ / TORNOZELO
3.07.29.11-4;EXÉRESE UNGUEAL;02B;;1;ORTOPEDIA PÉ / TORNOZELO
3.07.29.12-2;FASCIOTOMIA PLANTAR;04C;1;1;ORTOPEDIA PÉ / TORNOZELO
3.07.29.13-0;FRATURA DE OSSO DO PÉ - TRATAMENTO CONSERVADOR ;02A;;;ORTOPEDIA PÉ / TORNOZELO
3.07.29.14-9;FRATURA E/OU LUXAÇÕES DO PÉ (EXCETO ANTEPÉ) - REDUÇÃO INCRUENTA;02C;1;1;ORTOPEDIA PÉ / TORNOZELO
3.07.29.15-7;FRATURA E/OU LUXAÇÕES DO PÉ (EXCETO ANTEPÉ) - TRATAMENTO CIRÚRGICO;06A;2;2;ORTOPEDIA PÉ / TORNOZELO
3.07.29.16-5;FRATURAS E/OU LUXAÇÕES DO ANTEPÉ - REDUÇÃO INCRUENTA;02B;1;1;ORTOPEDIA PÉ / TORNOZELO
3.07.29.17-3;FRATURAS E/OU LUXAÇÕES DO ANTEPÉ - TRATAMENTO CIRÚRGICO;05A;1;2;ORTOPEDIA PÉ / TORNOZELO
3.07.29.18-1;HALLUX VALGUS (UM PÉ) - TRATAMENTO CIRÚRGICO;07A;1;2;ORTOPEDIA PÉ / TORNOZELO
3.07.29.19-0;OSTEOTOMIA OU PSEUDARTROSE DO TARSO E MÉDIO PÉ - TRATAMENTO CIRÚRGICO;06C;1;2;ORTOPEDIA PÉ / TORNOZELO
3.07.29.20-3;OSTEOTOMIA OU PSEUDARTROSE DOS METATARSOS/FALANGES - TRATAMENTO CIRÚRGICO;06B;1;2;ORTOPEDIA PÉ / TORNOZELO
3.07.29.21-1;OSTEOTOMIAS / FRATURAS COM FIXADOR EXTERNO;05C;1;3;ORTOPEDIA PÉ / TORNOZELO
3.07.29.22-0;PÉ PLANO/PÉ CAVO/COALISÃO TARSAL - TRATAMENTO CIRÚRGICO;08A;1;4;ORTOPEDIA PÉ / TORNOZELO
3.07.29.23-8;PÉ TORTO CONGÊNITO (UM PÉ) - TRATAMENTO CIRÚRGICO;08B;1;4;ORTOPEDIA PÉ / TORNOZELO
3.07.29.24-6;RESSECÇÃO DE OSSO DO PÉ - TRATAMENTO CIRÚRGICO;05C;1;2;ORTOPEDIA PÉ / TORNOZELO
3.07.29.25-4;RETRAÇÃO CICATRICIAL DOS DEDOS;05B;1;2;ORTOPEDIA PÉ / TORNOZELO
3.07.29.26-2;ROTURA DO TENDÃO DE AQUILES - REDUÇÃO INCRUENTA;02C;1;1;ORTOPEDIA PÉ / TORNOZELO
3.07.29.27-0;ROTURA DO TENDÃO DE AQUILES - TRATAMENTO CIRÚRGICO;06A;1;2;ORTOPEDIA PÉ / TORNOZELO
3.07.29.28-9;TRATAMENTO CIRÚRGICO DA SINDACTILIA COMPLEXA E /OU MÚLTIPLA;09A;2;3;ORTOPEDIA PÉ / TORNOZELO
3.07.29.29-7;TRATAMENTO CIRÚRGICO DA SINDACTILIA SIMPLES;06A;1;3;ORTOPEDIA PÉ / TORNOZELO
3.07.29.30-0;TRATAMENTO CIRÚRGICO DE GIGANTISMO;09B;1;3;ORTOPEDIA PÉ / TORNOZELO
3.07.29.31-9;CIRURGIA DE LINFEDEMA AO NIVEL DO PE;09A;2;3;ORTOPEDIA PÉ / TORNOZELO
3.07.29.32-7;TRATAMENTO CIRÚRGICO DE POLIDACTILIA MÚLTIPLA E/OU COMPLEXA;09B;1;3;ORTOPEDIA PÉ / TORNOZELO
3.07.29.33-5;TRATAMENTO CIRÚRGICO DE POLIDACTILIA SIMPLES;03C;1;2;ORTOPEDIA PÉ / TORNOZELO
3.07.29.34-3;TRATAMENTO CIRÚRGICO DO MAL PERFURANTE PLANTAR;09B;1;3;ORTOPEDIA PÉ / TORNOZELO
3.07.30.01-5;ALONGAMENTO;02C;1;2;ORTOPEDIA GERAL / ONCO
3.07.30.02-3;BIÓPSIA DE MÚSCULO;02B;1;1;ORTOPEDIA GERAL / ONCO
3.07.30.03-1;DESBRIDAMENTO CIRÚRGICO DE FERIDAS OU EXTREMIDADES;03B;1;2;ORTOPEDIA GERAL / ONCO
3.07.30.04-0;DESINSERÇÃO OU MIOTOMIA;03C;1;1;ORTOPEDIA GERAL / ONCO
3.07.30.05-8;DISSECÇÃO MUSCULAR;03C;1;1;ORTOPEDIA GERAL / ONCO
3.07.30.06-6;DRENAGEM CIRÚRGICA DO PSOAS;05B;1;2;ORTOPEDIA GERAL / ONCO
3.07.30.07-4;FASCIOTOMIA;04C;1;2;ORTOPEDIA GERAL / ONCO
3.07.30.08-2;FASCIOTOMIAS (CADA EXTREMIDADE);03B;2;3;ORTOPEDIA GERAL / ONCO
3.07.30.09-0;FASCIOTOMIAS (DESCOMPRESSIVAS);04C;1;3;ORTOPEDIA GERAL / ONCO
3.07.30.10-4;FASCIOTOMIAS ACIMA DO PUNHO;04C;1;2;ORTOPEDIA GERAL / ONCO
3.07.30.11-2;MIORRAFIAS;03C;1;1;ORTOPEDIA GERAL / ONCO
3.07.30.12-0;TERAPIA POR ONDAS DE CHOQUE EXTRACORPÓREA EM PARTES MOLES - ACOMPANHAMENTO 1ª APLICAÇÃO;08A;;;ORTOPEDIA GERAL / ONCO
3.07.30.13-9;TERAPIA POR ONDAS DE CHOQUE EXTRACORPÓREA EM PARTES MOLES - ACOMPANHAMENTO REAPLICAÇÕES;04C;;;ORTOPEDIA GERAL / ONCO
3.07.30.15-5;TRANSPOSIÇÃO MUSCULAR;04C;1;3;ORTOPEDIA GERAL / ONCO
3.07.31.01-1;ABERTURA DE BAINHA TENDINOSA - TRATAMENTO CIRÚRGICO;03C;1;1;ORTOPEDIA GERAL / ONCO
3.07.31.02-0;BIÓPSIAS CIRÚRGICAS DE TENDÕES, BURSAS E SINÓVIAS;03B;1;1;ORTOPEDIA GERAL / ONCO
3.07.31.03-8;BURSECTOMIA - TRATAMENTO CIRÚRGICO;03C;1;1;ORTOPEDIA GERAL / ONCO
3.07.31.04-6;CISTO SINOVIAL - TRATAMENTO CIRÚRGICO;03B;1;1;ORTOPEDIA GERAL / ONCO
3.07.31.05-4;ENCURTAMENTO DE TENDÃO - TRATAMENTO CIRÚRGICO;03C;1;2;ORTOPEDIA GERAL / ONCO
3.07.31.06-2;SINOVECTOMIA - TRATAMENTO CIRÚRGICO;05B;1;2;ORTOPEDIA GERAL / ONCO
3.07.31.07-0;TENOARTROPLASTIA PARA OSSOS DO CARPO;06A;1;3;ORTOPEDIA GERAL / ONCO
3.07.31.08-9;TENODESE;05B;1;1;ORTOPEDIA GERAL / ONCO
3.07.31.09-7;TENÓLISE NO TÚNEL OSTEOFIBROSO;06A;1;3;ORTOPEDIA GERAL / ONCO
3.07.31.10-0;TENÓLISE/TENDONESE - TRATAMENTO CIRÚRGICO;04C;1;2;ORTOPEDIA GERAL / ONCO
3.07.31.11-9;TENOPLASTIA / ENXERTO DE TENDÃO - TRATAMENTO CIRÚRGICO;06A;1;3;ORTOPEDIA GERAL / ONCO
3.07.31.12-7;TENOPLASTIA DE TENDÃO EM OUTRAS REGIÕES;04C;2;4;ORTOPEDIA GERAL / ONCO
3.07.31.13-5;TENORRAFIA MÚLTIPLA EM OUTRAS REGIÕES;04C;1;3;ORTOPEDIA GERAL / ONCO
3.07.31.14-3;TENORRAFIA NO TÚNEL OSTEOFIBROSO - MAIS DE 2 DÍGITOS;06A;1;3;ORTOPEDIA GERAL / ONCO
3.07.31.15-1;TENORRAFIA NO TÚNEL OSTEOFIBROSO ATÉ 2 DÍGITOS;04C;1;2;ORTOPEDIA GERAL / ONCO
3.07.31.16-0;TENORRAFIA ÚNICA EM OUTRAS REGIÕES;03C;1;2;ORTOPEDIA GERAL / ONCO
3.07.31.17-8;TENOSSINOVECTOMIA DE MÃO OU PUNHO;04C;1;2;ORTOPEDIA MÃO / PUNHO
3.07.31.18-6;TENOSSINOVITES ESTENOSANTES - TRATAMENTO CIRÚRGICO;02C;1;1;ORTOPEDIA GERAL / ONCO
3.07.31.19-4;TENOSSINOVITES INFECCIOSAS - DRENAGEM;03B;1;1;ORTOPEDIA GERAL / ONCO
3.07.31.20-8;TENOTOMIA;05B;1;1;ORTOPEDIA GERAL / ONCO
3.07.31.21-6;TRANSPOSIÇÃO DE MAIS DE 1 TENDÃO - TRATAMENTO CIRÚRGICO;06A;1;4;ORTOPEDIA GERAL / ONCO
3.07.31.22-4;TRANSPOSIÇÃO ÚNICA DE TENDÃO;04C;2;4;ORTOPEDIA GERAL / ONCO
3.07.31.23-2;TUMORES DE TENDÃO OU SINOVIAL - TRATAMENTO CIRÚRGICO;03C;1;1;ORTOPEDIA GERAL / ONCO
3.07.32.01-8;CURETAGEM OU RESSECÇÃO EM BLOCO DE TUMOR COM RECONSTRUÇÃO E ENXERTO VASCULARIZADO;11A;3;5;ORTOPEDIA GERAL / ONCO
3.07.32.02-6;ENXERTO ÓSSEO;08B;2;2;ORTOPEDIA GERAL / ONCO
3.07.32.03-4;RESSECÇÃO DA LESÃO COM CIMENTAÇÃO E OSTEOSÍNTESE;09A;2;5;ORTOPEDIA GERAL / ONCO
3.07.32.05-0;TERAPIA POR ONDAS DE CHOQUE EXTRACORPÓREA EM PARTES ÓSSEAS - ACOMPANHAMENTO 1ª APLICAÇÃO;08A;;;ORTOPEDIA GERAL / ONCO
3.07.32.06-9;TERAPIA POR ONDAS DE CHOQUE EXTRACORPÓREA EM PARTES ÓSSEAS - ACOMPANHAMENTO REAPLICAÇÕES;04C;;;ORTOPEDIA GERAL / ONCO
3.07.32.08-5;TUMOR ÓSSEO (RESSECÇÃO COM SUBSTITUIÇÃO);09A;2;5;ORTOPEDIA GERAL / ONCO
3.07.32.09-3;TUMOR ÓSSEO (RESSECÇÃO E CIMENTO);08C;2;4;ORTOPEDIA GERAL / ONCO
3.07.32.10-7;TUMOR OSSEO RESSECCAO C/ ENXERTIA OU CURETAGEM;08C;2;4;ORTOPEDIA GERAL / ONCO
3.07.32.11-5;TUMOR ÓSSEO (RESSECÇÃO E ENXERTO);09C;2;4;ORTOPEDIA GERAL / ONCO
3.07.32.12-3;TUMOR OSSEO - RESSECCAO SIMPLES OU CURETAGEM;08A;1;3;ORTOPEDIA GERAL / ONCO
3.07.32.13-1;TUMOR ÓSSEO (RESSECÇÃO SIMPLES);08A;1;3;ORTOPEDIA GERAL / ONCO
3.07.33.01-4;SINOVECTOMIA TOTAL;09C;1;5;ORTOPEDIA / VÍDEO
3.07.33.02-2;SINOVECTOMIA PARCIAL OU SUBTOTAL;08C;1;4;ORTOPEDIA / VÍDEO
3.07.33.03-0;CONDROPLASTIA (COM REMOÇÃO DE CORPOS LIVRES);08C;1;4;ORTOPEDIA / VÍDEO
3.07.33.04-9;OSTEOCONDROPLASTIA - ESTABILIZAÇÃO. RESSECÇÃO E OU PLASTIA (ENXERTIA)  JOELHO;10C;1;6;ORTOPEDIA / VÍDEO
3.07.33.05-7;MENISCECTOMIA - UM MENISCO;08C;1;4;ORTOPEDIA / VÍDEO
3.07.33.06-5;REPARO OU SUTURA DE UM MENISCO;10C;1;6;ORTOPEDIA / VÍDEO
3.07.33.07-3;RECONSTRUÇÃO RETENCIONAMENTO OU REFORÇO DO LIGAMENTO CRUZADO ANTERIOR OU POSTERIOR;10C;1;6;ORTOPEDIA / VÍDEO
3.07.33.08-1;FRATURA COM REDUÇÃO E/OU ESTABILIZAÇÃO DA SUPERFÍCIE ARTICULAR - UM COMPARTIMENTO ;09C;1;5;ORTOPEDIA / VÍDEO
3.07.33.09-0;TRATAMENTO CIRÚRGICO DA ARTROFIBROSE ;10B;1;6;ORTOPEDIA / VÍDEO
3.07.33.10-3;INSTABILIDADE FEMORO-PATELAR RELEASE LATERAL DA PATELA RETENCIONAMENTO REFORÇO OU RECONSTRUÇÃO ;10C;1;6;ORTOPEDIA / VÍDEO
3.07.34.01-0;SINOVECTOMIA TOTAL;09C;1;5;ORTOPEDIA / VÍDEO
3.07.34.02-9;SINOVECTOMIA PARCIAL OU SUBTOTAL;08C;1;4;ORTOPEDIA / VÍDEO
3.07.34.03-7;CONDROPLASTIA (COM REMOÇÃO DE CORPOS LIVRES);08C;1;4;ORTOPEDIA / VÍDEO
3.07.34.04-5;OSTEOCONDROPLASTIA - ESTABILIZAÇÃO. RESSECÇÃO E OU PLASTIA (ENXERTIA) ;10C;1;6;ORTOPEDIA / VÍDEO
3.07.34.05-3;RECONSTRUÇÃO. RETENCIONAMENTO OU REFORÇO DE LIGAMENTO OU REPARO DE CARTILAGEM TRIANGULAR ;10C;1;6;ORTOPEDIA / VÍDEO
3.07.34.06-1;FRATURAS: REDUÇÃO E ESTABILIZAÇÃO PARA CADA SUPERFÍCIE  TNZ;09C;1;5;ORTOPEDIA / VÍDEO
3.07.35.01-7;SINOVECTOMIA TOTAL;09C;1;5;ORTOPEDIA / VÍDEO
3.07.35.02-5;SINOVECTOMIA PARCIAL OU SUBTOTAL;08C;1;4;ORTOPEDIA / VÍDEO
3.07.35.03-3;ACROMIOPLASTIA;09C;1;5;ORTOPEDIA / VÍDEO
3.07.35.04-1;LESÃO LABRAL;10C;1;6;ORTOPEDIA / VÍDEO
3.07.35.05-0;LUXAÇÃO GLENO-UMERAL;10C;1;6;ORTOPEDIA / VÍDEO
3.07.35.06-8;RUPTURA DO MANGUITO ROTADOR;10C;1;6;ORTOPEDIA / VÍDEO
3.07.35.07-6;INSTABILIDADE MULTIDIRECIONAL;10C;1;6;ORTOPEDIA / VÍDEO
3.07.35.08-4;RESSECÇÃO LATERAL DA CLAVÍCULA;09C;1;5;ORTOPEDIA / VÍDEO
3.07.35.09-2;TENOTOMIA DA PORÇÃO LONGA DO BÍCEPS;09C;1;5;ORTOPEDIA / VÍDEO
3.07.36.01-3;SINOVECTOMIA TOTAL;09C;1;5;ORTOPEDIA / VÍDEO
3.07.36.02-1;SINOVECTOMIA PARCIAL OU SUBTOTAL;08C;1;4;ORTOPEDIA / VÍDEO
3.07.36.03-0;CONDROPLASTIA (COM REMOÇÃO DE CORPOS LIVRES);08C;1;4;ORTOPEDIA / VÍDEO
3.07.36.04-8;OSTEOCONDROPLASTIA - ESTABILIZAÇÃO. RESSECÇÃO E OU PLASTIA;09C;1;5;ORTOPEDIA / VÍDEO
3.07.36.05-6;RECONSTRUÇÃO. RETENCIONAMENTO OU REFORÇO DE LIGAMENTO;09C;1;5;ORTOPEDIA / VÍDEO
3.07.36.06-4;FRATURAS: REDUÇÃO E ESTABILIZAÇÃO PARA CADA SUPERFÍCIE;09B;1;5;ORTOPEDIA / VÍDEO
3.07.37.01-0;SINOVECTOMIA TOTAL;09C;1;5;ORTOPEDIA / VÍDEO
3.07.37.02-8;SINOVECTOMIA PARCIAL OU SUBTOTAL;08C;1;4;ORTOPEDIA / VÍDEO
3.07.37.03-6;CONDROPLASTIA (COM REMOÇÃO DE CORPOS LIVRES);08C;1;4;ORTOPEDIA / VÍDEO
3.07.37.04-4;OSTEOCONDROPLASTIA - ESTABILIZAÇÃO. RESSECÇÃO E OU PLASTIA (ENXERTIA) ;10C;1;6;ORTOPEDIA / VÍDEO
3.07.37.05-2;RECONSTRUÇÃO. RETENCIONAMENTO OU REFORÇO DE LIGAMENTO#;09C;1;5;ORTOPEDIA / VÍDEO
3.07.37.06-0;FRATURAS -REDUÇÃO E ESTABILIZAÇÃO DE CADA SUPERFÍCIE;09C;1;5;ORTOPEDIA / VÍDEO
3.07.37.07-9;TÚNEL DO CARPO - DESCOMPRESSÃO - VIDEO;09C;1;5;ORTOPEDIA / VÍDEO / NEURO
3.07.38.01-6;SINOVECTOMIA TOTAL;10C;1;6;ORTOPEDIA / VÍDEO
3.07.38.02-4;SINOVECTOMIA PARCIAL E/OU REMOÇÃO DE CORPOS LIVRES;09C;1;5;ORTOPEDIA / VÍDEO
3.07.38.03-2;DESBRIDAMENTO DO LABRUM OU LIGAMENTO REDONDO COM OU SEM CONDROPLASTIA;10C;1;6;ORTOPEDIA / VÍDEO
3.07.38.04-0;TRATAMENTO DO IMPACTO FEMORO-ACETABULAR;12B;1;7;ORTOPEDIA / VÍDEO
3.07.38.05-9;CONDROPLASTIA COM SUTURA LABRAL;11B;1;6;ORTOPEDIA / VÍDEO
;;;;;
;;;;;
;;;;;
;;;;;
;;;;;
;;;;;
;;;;;
;;;;;
;;;;;
;;;;;
;;;;;
;;;;;
;;;;;
;;;;;
;;;;;
;;;;;
;;;;;
;;;;;
;;;;;
;;;;;
;;;;;
;;;;;
;;;;;
;;;;;
;;;;;
;;;;;
;;;;;
;;;;;
;;;;;
;;;;;
;;;;;
;;;;;
;;;;;
;;;;;
;;;;;
;;;;;
;;;;;
;;;;;
;;;;;
;;;;;
;;;;;
;;;;;
;;;;;
;;;;;
;;;;;
;;;;;
;;;;;
;;;;;
;;;;;
;;;;;
;;;;;
;;;;;
;;;;;
;;;;;
;;;;;
;;;;;
;;;;;
;;;;;
;;;;;
;;;;;
;;;;;
;;;;;
;;;;;
;;;;;
;;;;;
;;;;;
;;;;;
;;;;;
;;;;;
;;;;;
;;;;;
;;;;;
;;;;;
;;;;;
;;;;;
;;;;;
;;;;;
;;;;;
;;;;;
;;;;;
;;;;;
;;;;;
;;;;;
;;;;;
;;;;;
;;;;;
;;;;;
;;;;;
;;;;;
;;;;;
;;;;;
;;;;;
;;;;;
;;;;;
;;;;;
;;;;;
;;;;;
;;;;;
;;;;;
;;;;;
;;;;;
;;;;;
;;;;;
;;;;;
;;;;;
